seed_id,question,seed_answer,tracked_claim,verification_status,verification_reason,queries,sources
seed9,"How well do Gaussian Process (GP) emulators scale to high-dimensional risk-factor spaces when approximating portfolio value functions, and what practical strategies can be used to mitigate the curse of dimensionality in this setting?","**Gaussian Process emulators scale poorly to high-dimensional risk-factor spaces (typically D ≳ 10–20) when used to approximate portfolio value functions.** The fundamental limitation is the *curse of dimensionality* combined with the cubic computational cost of exact GPs.

### Scaling Behavior
- **Sample complexity**: To maintain a given approximation error, the number of training points \(n\) must grow exponentially with dimension \(D\) for a fixed length-scale kernel (volume argument). In practice, smooth but non-linear portfolio payoffs (e.g., options on baskets, CVA exposures) require \(n \sim 10^3\)–\(10^4\) already at \(D=5\)–\(8\) and become infeasible beyond \(D \approx 15\) without structure exploitation.
- **Computational cost**: Exact GP training is \(\mathcal{O}(n^3)\) and prediction \(\mathcal{O}(n^2)\). Even with modern implementations (GPyTorch, GPflow), memory and time become prohibitive once \(n \gtrsim 10^4\)–\(2 \times 10^4\).
- **Uncertainty calibration**: Posterior variance inflates rapidly away from observed points in high \(D\), degrading the reliability of the emulator for downstream risk measures (VaR, expected shortfall, PFE).
- Empirical observation in quantitative finance: plain GPs work reasonably for single-name or low-dimensional yield-curve problems, but break down for portfolios driven by dozens of equity, FX, or credit risk factors unless aggressive dimensionality reduction or sparsity is applied.

### Practical Mitigation Strategies
Several complementary techniques are used in the literature and in production risk systems:

1. **Input-space dimension reduction (most effective first step)**
   - Linear: PCA or factor analysis on historical or scenario risk-factor moves; retain the top \(k \ll D\) principal components.
   - Non-linear / supervised: Active subspaces (gradient-based), sliced inverse regression, or sensitivity-analysis screening (Sobol’ indices) to identify and discard inactive directions.
   - Warping / feature extraction: learn a low-dimensional embedding (e.g., via a small neural network inside a deep kernel).

2. **Sparse / variational Gaussian processes**
   - Inducing-point methods (SVGP, DTC, FITC) reduce complexity to \(\mathcal{O}(nm^2 + m^3)\) where \(m \ll n\) is the number of inducing points (typically a few hundred to a few thousand).
   - Variational inference or expectation propagation allows mini-batch training and GPU scaling.

3. **Structured kernels that exploit additivity or low-order interactions**
   - Additive GPs or ANOVA kernels: \(k(\mathbf{x},\mathbf{x}') = \sum_{i=1}^D k_i(x_i,x_i') + \sum_{i<j} k_{ij}(x_i,x_j) + \cdots\)
   - Automatic relevance determination (ARD) length-scales to shut off irrelevant dimensions.
   - Deep kernel learning (neural-network feature map + GP on top) to learn useful low-dimensional representations.

4. **Local / partitioned models**
   - Treed GPs, local GPs, or mixture-of-experts GPs that partition the input space so each expert only sees a moderate-dimensional, moderate-sized region.
   - Clustering of risk-factor scenarios followed by independent GPs per cluster.

5. **Sampling and experimental design**
   - Low-discrepancy (Sobol’, Halton) or adaptive sequential designs instead of plain Monte Carlo to improve coverage.
   - Multi-fidelity GPs that combine cheap low-fidelity portfolio valuations with a small number of expensive high-fidelity runs.

6. **Hybrid architectures**
   - Neural-network + GP residual (“neural GP”) or deep GPs, which can capture high-dimensional non-stationarities better than a single shallow GP.
   - Combine with dimensionality reduction inside a larger risk engine (e.g., PCA on market moves → GP on the reduced factors).

### Rule-of-Thumb Practical Workflow
- Start with PCA / active-subspace analysis to bring effective dimension to \(\leq 8\)–\(10\).
- Use an inducing-point variational GP (SVGP) with \(m \approx 500\)–\(2000\) and ARD Matérn-5/2 or RBF kernels.
- If residual interactions remain high-dimensional, switch to an additive or deep-kernel formulation.
- Validate with out-of-sample portfolio-value error and calibration of predictive variance on a hold-out set of stress scenarios.

In summary, exact GPs are rarely viable beyond roughly 10–15 raw risk factors for portfolio emulation; with the above mitigations (especially dimension reduction + sparsity), they remain useful up to a few tens of dimensions and offer the attractive benefit of built-in uncertainty quantification for risk-management applications. For truly high-dimensional settings (\(D > 50\)), hybrid neural–GP or pure neural emulators usually become more practical.","Memory and time become prohibitive once n ≳ 10^4–2×10^4 even with modern implementations (GPyTorch, GPflow).",VERIFIED_FALSE,"Recent work and modern GP implementations (e.g., GPyTorch) demonstrate exact and scalable GP inference well beyond 10^4–2×10^4 points (examples report training on >10^6 points and fitting datasets with ~35k on a single 32GB GPU), contradicting the blanket claim that memory/time become prohibitive at ~10k–20k.",GPyTorch GPflow scalability memory time prohibitive ten thousand twenty thousand benchmarks Gaussian process libraries scalability limitations | GPyTorch GPflow benchmark limit ten thousand data points memory time scalability comparison Gaussian process implementations,Exact Gaussian Processes on a Million Data Points (arXiv / NeurIPS paper) — https://arxiv.org/html/1903.08114v2 | Exact Gaussian Processes on a Million Data Points (NeurIPS paper PDF) — http://papers.neurips.cc/paper/9606-exact-gaussian-processes-on-a-million-data-points.pdf | GPyTorch documentation / examples: Exact Gaussian Processes on a Million Data Points — https://docs.gpytorch.ai/en/v1.9.1/examples/02_Scalable_Exact_GPs/
seed14,"What are the major technological and engineering challenges to conducting sustained, long-term exploration of Venus, and what approaches or technologies are being considered to address them?","**Major Challenges for Sustained Venus Exploration**

Venus presents one of the harshest environments in the solar system for long-term robotic (or eventual human) operations. Key engineering barriers include:

- **Extreme surface conditions**: Temperatures average ~465 °C (870 °F) and pressures reach 92 bar (≈1,350 psi), with a dense CO₂ atmosphere. Conventional electronics, batteries, and mechanical systems fail within minutes to hours; solder melts, semiconductors degrade, and structural materials creep or corrode.
- **Corrosive chemistry**: Clouds contain concentrated sulfuric acid (H₂SO₄) aerosols that attack metals, polymers, and seals. Even above the cloud deck, trace acid vapors persist.
- **Power and thermal management**: Solar flux at the surface is <1 % of Earth’s due to the thick atmosphere; photovoltaics are ineffective. Passive cooling is limited by the small temperature gradient, and active refrigeration requires substantial power.
- **Communications and operations**: The planet’s slow rotation (one Venus day ≈ 243 Earth days) and dense ionosphere cause high latency and signal attenuation. Real-time control from Earth is impractical, demanding high autonomy.
- **Mobility and endurance**: Wheeled rovers sink in the soft, hot regolith or are destroyed by heat/pressure. Long-duration surface mobility therefore requires novel platforms or frequent aerial relays.
- **Entry, descent, and landing (EDL)**: Thick atmosphere and high winds complicate precise targeting; heat shields must survive both entry heating and subsequent acid exposure.

**Approaches and Technologies Under Development**

- **High-temperature electronics and materials**: NASA Glenn, JAXA, and ESA are maturing silicon-carbide (SiC) and gallium-nitride (GaN) integrated circuits rated for 500 °C continuous operation. These eliminate the need for heavy pressure vessels and active cooling on short missions. Refractory alloys (e.g., tungsten-rhenium), ceramic-matrix composites, and acid-resistant coatings (gold, PTFE derivatives, or diamond-like carbon) are being tested for structural and optical components.
- **Atmospheric platforms (50–60 km altitude)**: Conditions here are far more benign (~0–70 °C, ~0.5–1 bar). Concepts include:
  - Super-pressure balloons or variable-altitude aerostats (e.g., Russian Venera-D balloon element, NASA/JPL Venus Aerial Platform studies).
  - Solar-powered or wind-driven fixed-wing aircraft and rotorcraft for regional mobility.
  - These platforms can operate for weeks to months, relay surface data, and perform in-situ atmospheric sampling and imaging.
- **Power sources**: Radioisotope power systems (RPS) such as advanced Stirling or thermoelectric generators using plutonium-238 or americium-241 are favored for surface or near-surface missions. High-temperature thermoelectric materials (e.g., skutterudites, half-Heuslers) are being optimized for Venus conditions. Supercritical CO₂ turbines are also under study for higher efficiency.
- **Thermal management**: Phase-change materials (PCMs) and high-temperature heat pipes provide temporary buffering. For multi-week surface stays, hybrid systems combine passive insulation, radiative cooling at night, and minimal active refrigeration powered by RPS.
- **Autonomous systems and AI**: Onboard autonomy for navigation, fault recovery, and science data selection is essential. NASA’s “Venus Bridge” and “Long-Lived In-Situ Solar System Explorer” (LLISSE) concepts demonstrate compact, SiC-based payloads that can survive 60+ Earth days on the surface with minimal power.
- **Mission architectures**: 
  - Short-duration landers (hours to days) using heritage Venera/VEGA technology upgraded with modern high-temp electronics.
  - Orbiters (VERITAS, DAVINCI, EnVision) for remote sensing and communications relay.
  - Hybrid missions combining aerial platforms with brief surface “hops” or tethered probes.
  - Future sample-return or crewed-precursor concepts rely on orbital infrastructure and in-situ resource utilization (ISRU) for propellant or cooling fluids.

Current technology roadmaps (NASA, ESA, Roscosmos, ISRO) project that 30–60 day surface endurance with meaningful science return is achievable within the next 10–15 years using SiC electronics and RPS. True multi-year surface networks will likely require further advances in corrosion-resistant high-temperature materials and possibly nuclear reactors sized for Venus. Atmospheric and orbital platforms already offer near-term pathways for sustained exploration while surface technologies mature.",Solar flux at the Venus surface is less than 1% of Earth's due to the thick atmosphere.,VERIFIED_FALSE,"ESA states that ""only ten percent of the incoming solar radiation reaches the surface"" of Venus, which contradicts the claim that surface solar flux is less than 1% of Earth's.",Venus surface solar flux atmosphere attenuation compare to Earth surface irradiance thick cloud atmosphere study 1990 2000 2010 | Venus surface solar irradiance percent of Earth measured/modelled surface sunlight attenuation atmosphere thick clouds 1990 2000 2010 Patel | Venus surface solar irradiance percent of Earth surface sunlight attenuation atmosphere clouds Patel 2022 solar flux at surface,https://blogs.esa.int/venustransit/venus-and-earth-worlds-apart-transit-of-venus-blog.html (European Space Agency blog)
seed15,"What are the main sources of contamination and systematic error when trying to measure CMB B-mode polarization, and how can they be mitigated in ground-based experiments?","**Main sources of contamination and systematic error in CMB B-mode measurements**

B-mode polarization is extremely faint (tens of nK or less on degree scales for \(r \sim 0.01\)), so even small contaminants dominate. The principal issues are:

- **Galactic foregrounds**  
  Polarized thermal dust (dominant at \(\gtrsim 100\) GHz) and synchrotron (dominant at \(\lesssim 50\) GHz). Both have power spectra that can exceed the primordial B-mode signal by orders of magnitude and possess non-Gaussian structure.

- **Atmospheric emission and fluctuations (ground-based specific)**  
  Unpolarized and polarized emission from water vapor, oxygen, and aerosols. Fluctuations produce 1/f-like noise and can couple to the telescope’s scanning motion or sidelobes, generating spurious polarization.

- **Instrumental systematics**  
  - Temperature-to-polarization leakage from beam ellipticity, differential pointing, or gain mismatch between orthogonal detectors.  
  - Polarization angle miscalibration (a global rotation mixes E into B).  
  - Half-wave plate (HWP) or modulator non-idealities and 1/f drifts.  
  - Cross-talk, magnetic pickup, and scan-synchronous signals from ground pickup or sidelobes.

- **Gravitational lensing**  
  Converts E-modes into B-modes; acts as both a contaminant for primordial signals and a source of sample variance.

- **Extragalactic point sources and clusters**  
  Polarized radio sources and dusty galaxies; residual after masking can bias small-scale B-modes.

**Mitigation strategies for ground-based experiments**

Ground-based telescopes (BICEP/Keck, SPT, ACT, POLARBEAR, Simons Observatory, CMB-S4) employ layered hardware, observing, and analysis approaches:

- **Multi-frequency observations and component separation**  
  Observe in 5–10 bands (typically 30–300 GHz). Use parametric fits, internal linear combination (ILC), or machine-learning foreground removal to exploit the distinct spectral energy distributions of CMB, dust, and synchrotron. Deep, small-patch experiments (e.g., BICEP) combine with WMAP/Planck or future LiteBIRD data for large-scale foreground templates.

- **Site selection and atmospheric control**  
  High, dry sites (South Pole, Atacama) minimize precipitable water vapor. Rapid scanning (\(\sim 1^\circ\) s\(^{-1}\)) plus pair-differencing of co-located orthogonal detectors or continuous HWP rotation shift the signal above the atmospheric knee frequency. Real-time atmospheric monitoring (tippers, GPS, or in-band variance) and template subtraction or common-mode removal in map-making further suppress residuals.

- **Optical and cryogenic design**  
  Cold (\(\sim 4\) K) refractive or reflective optics, extensive baffling, and low-sidelobe feeds reduce ground spillover and far-sidelobe pickup. Achromatic HWPs or variable-delay modulators provide continuous polarization rotation, enabling demodulation that rejects unpolarized atmosphere and many systematics.

- **Calibration and null tests**  
  - Absolute polarization angle calibrated to \(\lesssim 0.5^\circ\) using celestial sources (Tau A, planets) or self-calibration from EB/EB spectra.  
  - Beam mapping with planets or drones to sub-percent accuracy; differential beam modeling in map-making.  
  - Extensive suite of jackknife/null tests (split by time, detector pair, scan direction, moon phase, etc.) to quantify leakage.

- **Lensing mitigation**  
  High-resolution data from the same or complementary telescopes enable delensing via quadratic estimators or template subtraction, reducing lensing B-mode power by 50–80% on the recombination bump.

- **Analysis-level safeguards**  
  Blind analysis pipelines, simulation-based validation of foreground and systematic residuals, and cross-correlation with independent experiments (e.g., BICEP × SPT) to confirm signals.

Taken together, these techniques have already placed limits \(r < 0.036\) (BICEP/Keck 2018) and continue to improve with larger detector counts, broader frequency coverage, and advanced delensing. Residual foreground and systematic floors remain the dominant challenge for reaching \(r \sim 0.001\).",Synchrotron is dominant at <= 50 GHz.,VERIFIED_FALSE,"A published review of Galactic synchrotron (Bennett et al. / CMB Synchrotron Foreground, arXiv:astro-ph/9902201) states that synchrotron emission 'dominates up to 5 GHz and most likely to 10 GHz' on degree scales and that 'at high frequencies (> 70 GHz) synchrotron emission is not a severe limitation' for CMB observations, which contradicts the claim that synchrotron is dominant up to 50 GHz.",synchrotron emission dominance frequency galactic foregrounds review 50 GHz,"CMB Synchrotron Foreground, arXiv:astro-ph/9902201 (https://arxiv.org/pdf/astro-ph/9902201v1.pdf)"
seed34,"What are the main advantages and technical challenges of producing and studying muonic hydrogen atoms in vacuum using thin solid hydrogen layers compared with traditional bulk gas, liquid, or solid targets?","**Advantages of thin solid H₂ layers in vacuum**

- **Isolated, low-density environment**: Muonic atoms (\(\mu p\), \(\mu d\)) formed near the surface can diffuse out and propagate in vacuum with minimal subsequent collisions. This eliminates collisional broadening, Stark mixing, and quenching that dominate in dense gas, liquid, or bulk solid targets, enabling cleaner laser spectroscopy (e.g., Lamb shift) or precision measurements.
- **Kinematic control and beam formation**: Emitted atoms have well-defined, low thermal velocities (\(\sim\) few meV). This supports time-of-flight studies, velocity selection, or the creation of slow muonic beams for further experiments (e.g., \(\mu\) transfer or scattering).
- **Reduced material background**: No thick vessel walls or large target mass means lower X-ray/electron background from muon stops in contaminants or structural materials; the vacuum also simplifies detector geometry and allows coincidence techniques.
- **Purity and isotopic control**: In-situ deposition of ultra-thin, isotopically pure layers (H₂, D₂, HD mixtures) minimizes impurities that catalyze unwanted transfer reactions in bulk targets.

**Technical challenges**

- **Muon stopping efficiency**: Layers are typically only a few µm to tens of µm thick; the fraction of incoming muons that stop inside is \(\ll 1\%\) (most traverse the target). This requires high-intensity muon beams, precise range tuning, and often a low-Z substrate or multilayer stack to increase stop density without reintroducing collisions.
- **Cryogenic/vacuum engineering**: Solid H₂ must be maintained at \(\sim\)3–10 K on a cold finger or foil inside a high-vacuum chamber compatible with the muon beamline. Issues include thermal contraction, sublimation under beam heating, and the need for thin, muon-transparent windows or differential pumping.
- **Layer quality and reproducibility**: Uniformity, thickness control, and surface morphology are critical; roughness or clustering alters diffusion lengths and emission yields. Contamination by residual gases or radiation-induced defects must be avoided.
- **Detection and statistics**: Low production rate demands high-efficiency detectors (e.g., large solid-angle X-ray or electron spectrometers) and long integration times. Background from muon decay electrons, cosmic rays, and prompt pion stops must be suppressed.
- **Diffusion and surface effects**: Atom escape depends on diffusion length in the solid, which is sensitive to temperature, isotopic composition, and lattice defects; surface binding or recombination can reduce vacuum yield.

In short, the thin-layer vacuum method trades high stopping power and statistics for spectroscopic cleanliness and kinematic control, at the cost of substantial cryogenic, beam, and detection overhead. It is therefore used mainly when isolation or emission properties are essential, rather than for high-rate experiments where bulk targets remain preferable.

Final answer: thin-layer vacuum method offers isolation & emission control but faces low stopping, cryo complexity & uniformity issues vs bulk targets' high rate but high interaction backgrounds.",Typical thin solid H₂ layers used for muon stopping are only a few micrometers to tens of micrometers thick.,VERIFIED_FALSE,"Published muon/solid-hydrogen target literature reports typical stopping-target thicknesses of order 0.1–1 mm (and cites a layer of 3.4 mg/cm2), contradicting the claim that typical stopping layers are only a few to tens of micrometers thick.",muon stopping thin solid hydrogen layers thickness micrometers muon beam stopping solid H2 target,Muonic atom spectroscopy with microgram target material - PMC (https://pmc.ncbi.nlm.nih.gov/articles/PMC9898421/) | Optimal dimension of a layered hydrogen target for muon ... — ScienceDirect (abstract snippet indicating a 3.4 mg/cm2 H2/T2 layer)
seed40,"How does pretraining on large image–caption datasets improve performance on downstream vision-and-language tasks, and what are the main challenges when transferring such pretrained multimodal models?","Pretraining on large-scale image–caption corpora (e.g., Conceptual Captions, LAION-5B, or COCO-style data) improves downstream vision-and-language performance through several interlocking mechanisms.

### Benefits of Pretraining

- **Cross-modal alignment learning**: The model is trained with objectives such as image–text contrastive loss (as in CLIP-style models), masked language modeling conditioned on image regions, or masked region modeling conditioned on text. This forces the encoder to discover correspondences between visual entities and linguistic concepts, producing joint embeddings that already encode semantic alignment. Downstream tasks (VQA, visual grounding, captioning, NLVR) then require far less task-specific supervision to reach high accuracy because the hard alignment problem has already been partially solved.

- **Rich visual–semantic priors**: Exposure to hundreds of millions of diverse image–text pairs teaches the model object affordances, spatial relations, attributes, and commonsense associations that rarely appear in smaller supervised datasets. These priors transfer especially well to tasks that involve reasoning over unseen combinations of objects or scenes.

- **Improved data efficiency and optimization landscape**: Starting from a pretrained initialization reduces the sample complexity of fine-tuning and mitigates the tendency of randomly initialized multimodal transformers to overfit small downstream datasets. Empirically, models pretrained on web-scale data often reach the same accuracy with 10–100× less task-specific data.

- **Emergent zero-shot or few-shot capabilities**: Contrastive pretraining in particular yields representations that support direct zero-shot transfer via prompt engineering or simple linear probes, bypassing the need for task-specific fine-tuning altogether on some benchmarks.

### Main Transfer Challenges

Despite these gains, transferring the pretrained model introduces several well-documented difficulties:

- **Distribution shift**: Web-scale captions are noisy, biased toward common objects and Western-centric scenes, and lack the fine-grained or domain-specific vocabulary needed for specialized tasks (medical imaging, remote sensing, technical diagrams). This leads to degraded performance until costly domain-adaptive pretraining or continued pretraining on in-domain image–text pairs is performed.

- **Modality imbalance and forgetting**: Vision and language encoders often converge at different rates; aggressive fine-tuning on a downstream task can cause the weaker modality (usually vision) to be overwritten (“catastrophic forgetting”). Mitigation strategies such as modality-specific learning-rate schedules or frozen-backbone adapters add engineering overhead.

- **Architectural and objective mismatch**: Pretraining objectives are rarely identical to downstream losses. Converting a contrastive model into a generative captioner, or a masked-language model into a visual grounding head, usually requires new task heads, additional alignment losses, or architectural surgery (e.g., adding cross-attention layers), which can erase some of the pretrained alignment.

- **Negative transfer on certain tasks**: Some reasoning-heavy tasks (e.g., compositional visual question answering or temporal video reasoning) show little or even negative gains from generic image–caption pretraining because the pretraining signal does not emphasize the required logical or temporal structure.

- **Compute and hyperparameter sensitivity**: Large multimodal models are expensive to fine-tune; small changes in learning rate, batch size, or data augmentation can erase the pretraining advantage. In addition, the models inherit and sometimes amplify societal biases present in the pretraining captions, raising fairness and robustness concerns on downstream applications.

In practice, successful transfer therefore combines (a) continued pretraining or adapter-based fine-tuning to reduce domain shift, (b) careful regularization to preserve cross-modal alignment, and (c) task-specific data curation or synthetic augmentation to compensate for gaps in the original pretraining distribution.",These visual–semantic priors transfer especially well to tasks that involve reasoning over unseen combinations of objects or scenes.,VERIFIED_FALSE,The SVIB (NeurIPS 2023) benchmark paper argues that compositional/systematic visual generalization is ‘‘elusive’’ and that prior representation methods and pretraining have not reliably solved reasoning over unseen object combinations; it states prior works ‘‘none have tackled it head-on’’ and that disentanglement/object-centric priors do not necessarily yield systematic generalization.,visual semantic priors transfer generalization unseen combinations objects scenes compositional reasoning,"SVIB: Systematic Visual Imagination Benchmark, NeurIPS 2023 (https://proceedings.neurips.cc/paper_files/paper/2023/file/58af908d6293810f1a29e69bf723dc48-Paper-Datasets_and_Benchmarks.pdf)"
seed46,"How does aligning the extrusion/deposition direction with the principal stress directions of a loaded part improve strength and stiffness in anisotropic polymer prints, and what practical challenges and constraints (e.g., printer kinematics, layer height, line spacing) typically arise when implementing such optimized non-planar printing trajectories?","Aligning filament deposition paths with principal stress directions in FDM (or similar extrusion-based) prints exploits the strong orthotropy of as-printed polymers. Extruded beads exhibit tensile modulus and strength typically 3–10× higher along the deposition axis than transverse to it, owing to chain orientation, incomplete inter-bead diffusion, and porosity at interfaces. Principal stresses \(\sigma_1 \ge \sigma_2 \ge \sigma_3\) are the eigenvectors of the stress tensor; when paths are traced along \(\sigma_1\) (and secondarily \(\sigma_2\)), the stiff, strong axis of each bead coincides with the direction of maximum tensile (or compressive) load. Consequently:

- Load is carried primarily by intra-bead covalent bonds rather than weak van-der-Waals or sintered interfaces, raising effective part stiffness (often 30–100 % in the critical direction) and delaying crack initiation at raster boundaries.
- Failure mode shifts from inter-layer delamination to ductile filament rupture, increasing ultimate strength and fatigue life.
- Local anisotropy can be further tuned by varying extrusion multiplier or bead aspect ratio, approximating a continuously fiber-reinforced laminate without actual fibers.

The net result is a part whose global compliance matrix more closely matches the applied stress field, reducing peak strains and allowing lower mass for the same load capacity (topology optimization + stress-aligned toolpaths routinely achieve 20–50 % weight savings versus isotropic infill).

### Practical Challenges and Constraints
Implementing such trajectories requires non-planar, curvature-aligned toolpaths that depart from conventional planar slicing. Typical difficulties include:

- **Kinematics and machine degrees of freedom**  
  Standard 3-axis Cartesian or delta printers enforce a fixed nozzle orientation and planar layers; true alignment with arbitrary principal directions often demands 5-axis or robotic motion to keep the nozzle normal to the local surface and to avoid collisions. Without it, under-extrusion, dragging, or gouging occurs on slopes steeper than ~30–45°. Even with multi-axis hardware, inverse-kinematic singularities and joint limits restrict reachable orientations inside the build volume.

- **Variable layer height and surface conformity**  
  Planar layers assume constant \(\Delta z\); stress-aligned paths generally follow curved iso-stress surfaces, producing continuously varying layer thickness. Most firmware and slicers lack native support for non-uniform \(\Delta z\) along a single bead, leading to inconsistent die swell and bond quality. Adaptive slicing algorithms exist but increase computation and require real-time flow compensation.

- **Line spacing, overlap, and extrusion control**  
  On curved or converging paths, geodesic spacing varies; constant-width beads produce gaps or overlaps that act as stress raisers. Dynamic adjustment of extrusion multiplier, travel speed, and nozzle height is needed, yet most printers lack closed-loop flow sensing. Typical constraints are minimum bead width \(\approx 0.8 \times\) nozzle diameter and maximum curvature radius limited by filament bending stiffness (usually >2–3 mm to avoid buckling inside the hot-end).

- **Additional process limits**  
  - Thermal management: longer, non-planar beads cool unevenly, raising warpage and delamination risk.  
  - Support and overhang: although optimized paths can reduce supports, steep or re-entrant features still require sacrificial material whose removal disturbs the aligned structure.  
  - Software toolchain: integration of FEA-derived stress fields into G-code remains non-standard; commercial slicers do not expose principal-direction fields or non-planar infill generators. Custom scripts (e.g., via Grasshopper, PySLAM, or ROS-industrial) are common but brittle.  
  - Build-rate penalty: frequent direction changes and velocity matching reduce average speed by 30–60 % versus rectilinear infill.

In practice, successful implementations therefore combine multi-axis hardware, custom path-planning software that respects local curvature and extrusion limits, and post-process inspection (CT or strain mapping) to verify that the realized fiber orientations indeed track the design principal directions.",Extruded beads exhibit tensile modulus and strength typically 3–10× higher along the deposition axis than transverse to it,VERIFIED_FALSE,"Multiple retrieved studies show in-plane (along-deposition) tensile strength/modulus is typically only ~1.3–2× (e.g., 53% transverse = ~1.9× along) higher, not the claimed 3–10×; reported increases in reviewed experiments are commonly on the order of tens of percent rather than several-fold.",mechanical anisotropy tensile modulus strength along deposition axis versus transverse fused deposition modeling 3D printing beads 3-10x,"Optimisation of Strength Properties of FDM Printed Parts—A Review (D. Syrlybayev et al.), https://pmc.ncbi.nlm.nih.gov/articles/PMC8157110/ | Mechanical characterization report (Fayazbakhsh_Movahedi_Kalman_2019.pdf), https://www.torontomu.ca/content/dam/frames/publications/Fayazbakhsh_Movahedi_Kalman_2019.pdf"
seed59,How can neural network architectures be designed or adapted to improve the detection and segmentation of small-scale objects in satellite imagery?,"**Improving small-object detection and segmentation in satellite imagery** requires addressing the core issues of limited pixel support (often <32×32 pixels), severe class imbalance, low contrast, and the need for precise localization amid vast backgrounds. Standard CNNs lose fine details through aggressive downsampling; effective designs therefore emphasize **high-resolution feature preservation**, **multi-scale fusion**, and **context-aware attention**.

### 1. High-Resolution Backbone & Feature Preservation
- Replace or augment standard ResNet/VGG backbones with **HRNet** (High-Resolution Net) or **HRNet-W48**, which maintains parallel high-resolution streams throughout the network instead of recovering resolution only at the end. This directly benefits small objects by keeping 1/4-resolution feature maps rich in spatial detail.
- Use **dilated (atrous) convolutions** (e.g., DeepLabv3+ style ASPP module) with rates {1, 6, 12, 18} to enlarge receptive fields without further downsampling.
- Limit early pooling/striding; start with stride-1 convolutions or use **stem modules** with careful downsampling (e.g., two 3×3 convs instead of one 7×7).

### 2. Multi-Scale Feature Fusion
- **Feature Pyramid Networks (FPN)** or **BiFPN** (used in EfficientDet) are essential. Add a **high-resolution P2 level** (1/4 scale) specifically for small objects, in addition to the usual P3–P6.
- **PANet** or **NAS-FPN** variants further improve top-down and bottom-up pathways.
- For segmentation, employ **U-Net** with **ResNet-50/101** or **EfficientNet-B4/B5** encoders plus skip connections that are augmented with **attention gates** (AG-U-Net) to suppress irrelevant background.

### 3. Attention & Context Mechanisms
- Insert **CBAM**, **SE**, or **Coordinate Attention** blocks after backbone stages to emphasize small-object channels/spatial locations.
- **Transformer hybrids**: 
  - Swin Transformer or ConvNeXt backbones with shifted-window self-attention capture long-range context (e.g., “this bright spot is likely a vehicle because it lies on a road”).
  - **DETR**-style or **DINO** detectors with multi-scale deformable attention (Deformable DETR) reduce the quadratic cost while focusing on sparse small regions.
- **Contextual modules** such as **GCNet** or **Non-local blocks** help disambiguate tiny objects using surrounding scene semantics.

### 4. Detection & Segmentation Head Adaptations
- **Anchor-free** heads (CenterNet, FCOS, YOLOv8 nano/small variants) avoid predefined anchor mismatch for tiny objects.
- Increase output stride resolution or add a dedicated **small-object branch** that operates on high-resolution feature maps.
- For instance segmentation: **Mask R-CNN** with **HRNet** backbone + **Cascade R-CNN** for better localization; or **SOLOv2** / **YOLACT** with high-resolution mask heads.
- **Focal loss** (or variants like **Varifocal loss**) + **GIoU/DIoU** regression losses to counter extreme foreground-background imbalance.

### 5. Training & Data Strategies
- **Copy-paste augmentation** tailored to small objects (paste small instances onto diverse backgrounds with realistic blending and shadow simulation).
- Multi-scale training (random resize between 0.5×–2×) + **test-time augmentation** (TTA) with sliding-window inference on large satellite tiles.
- Use **pan-sharpened** or super-resolved inputs when available; alternatively, train a lightweight super-resolution front-end jointly.
- **Hard-negative mining** and **online hard-example mining (OHEM)** focused on small false positives.

### 6. Practical Pipeline Recommendations
1. **Backbone**: HRNet or ConvNeXt + FPN/BiFPN with P2 level.
2. **Neck**: BiFPN or PANet with attention.
3. **Head**: FCOS or YOLOv8-style anchor-free + focal loss for detection; U-Net3+ or Mask2Former for segmentation.
4. **Input**: 1024×1024 or 2048×2048 patches with overlap; normalize using per-band statistics.
5. **Post-processing**: Non-maximum suppression with lower IoU thresholds for crowded small objects; conditional random fields (CRF) or morphological refinement for segmentation masks.

These adaptations have been shown to raise small-object AP (APs) by 8–15 points on datasets such as xView, DOTA, and SpaceNet compared with vanilla Faster R-CNN or U-Net baselines. For production, start with a strong anchor-free detector (YOLOv8 or RTMDet) on HRNet and progressively add BiFPN + attention; the same principles transfer to segmentation via U-Net or Mask2Former variants.",Feature Pyramid Networks (FPN) or BiFPN are essential for multi-scale feature fusion.,VERIFIED_FALSE,"The retrieved BiFPN paper shows FPN and BiFPN are examples of multi-scale feature fusion architectures, but explicitly compares them to other alternative designs (e.g., PANet, NAS-FPN), demonstrating that FPN/BiFPN are not strictly essential for multi-scale fusion.",Feature Pyramid Networks Lin 2017 and BiFPN EfficientDet Tan 2020 papers feature fusion multi scale,EfficientDet: Scalable and Efficient Object Detection (BiFPN) — https://arxiv.org/pdf/1911.09070
seed63,"What simple mechanisms or economic processes can explain why company size distributions (income, capital, sales, employees) follow Zipf's law or other power laws?","**Preferential (proportional) growth plus steady entry of new firms** is the simplest and most robust mechanism that generates Zipf’s law (or other power laws) for firm sizes.

### Core Mechanism: Yule–Simon / Preferential Attachment Process
Imagine “units” of size (employees, sales, capital, etc.) arrive one by one. At each step one of two things happens:

- With probability \(\alpha\) a **new firm** is born (a new unit starts its own firm).
- With probability \(1-\alpha\) the unit is added to an **existing firm** chosen with probability proportional to the firm’s current size (larger firms are more likely to grow).

After many steps the size distribution of firms converges to a power law
\[
P(S > s) \propto s^{-1/(1-\alpha)}
\]
(or, in rank-size form, size(rank) \(\propto\) rank\(^{-(1-\alpha)}\)).  
When \(\alpha \approx 1/2\) the exponent is exactly \(-1\), i.e., Zipf’s law. The same mathematics appears under the names “Yule process,” “Simon’s model,” and “linear preferential attachment.”

### Economic Interpretation
- **Why preferential growth?** Larger firms have more products, more markets, more internal projects, more name recognition, easier access to capital, and more opportunities to hire or acquire. Each of these channels makes the absolute growth rate roughly proportional to current size (Gibrat’s law in multiplicative form).
- **Why continuous entry?** New firms are founded every period. Because they start small, they continually “refill” the left tail and keep the distribution stationary. Without entry the distribution would keep shifting right and eventually become log-normal or collapse into a few giants.

### Minimal Variants That Also Work
1. **Kesten process** (multiplicative shocks + additive reset)  
   Each period a firm’s size is multiplied by a random factor \(G_t\) (could be >1 or <1) and occasionally receives a small additive “innovation” or minimum-size floor. The stationary distribution is exactly power-law in the upper tail; the exponent depends on \(\mathbb{E}[\log G]\) and the reset rate.

2. **Birth–death with size-proportional exit hazard**  
   Firms grow multiplicatively; they die at a rate that declines mildly with size (or is constant). Combined with constant entry, the size distribution is again Zipf or near-Zipf.

3. **Mergers as preferential attachment**  
   Acquisition opportunities arrive and are allocated to the largest firm able to finance them. This again reproduces the same mathematics.

### Why These Mechanisms Are “Simple”
They require only two ingredients that are empirically plausible:
- Growth rates that are roughly independent of size (or at least not strongly mean-reverting).
- A steady flow of new entrants at the bottom of the distribution.

No optimizing behavior, no industry-specific technology, and no equilibrium condition beyond “larger firms capture growth opportunities in proportion to their size” is needed. The power law emerges as a statistical steady state of the stochastic process.

Empirical work (Axtell 2001, Luttmer 2007, etc.) shows that these minimal models match the observed tail exponents for employment, sales, and assets across many countries and long time spans.",After many steps the size distribution of firms in this model converges to a power law with tail P(S > s) ∝ s^{-1/(1−α)}.,VERIFIED_FALSE,"Standard analyses of the Yule–Simon (Simon) preferential‑attachment model show the probability mass function behaves as P(k) ∝ k^{-1/(1−α)} (with ρ = α/(1−α) so pmf exponent ρ+1 = 1/(1−α)), whereas the tail/CCDF scales one power less (P(S > s) ∝ s^{-α/(1−α)}). The proposition incorrectly gives the CCDF exponent as 1/(1−α) instead of α/(1−α).",firm size distribution power law tail exponent alpha model convergence | model firm size distribution converges to power law tail exponent expression alpha 1 minus alpha author model | firm size distribution model tail exponent 1 over one minus alpha derivation paper author power law firm size convergence,"Yule–Simon distribution — Wikipedia: https://en.wikipedia.org/wiki/Yule%E2%80%93Simon_distribution | Simon, H. A. (1955). ""On a Class of Skew Distribution Functions."" (original presentation of the model; see derivations of the Yule–Simon tail) | Mitzenmacher, M. (2004). ""A Brief History of Generative Models for Power Law and Lognormal Distributions."" (review discussing Simon/Yule processes and exponents)"
seed69,What factors determine whether increasing a model's size or parameter count will lead to a proportional rise in inference energy consumption in real-world deployments?,"**Inference energy consumption does not scale linearly with parameter count in real deployments.** Several interacting factors determine whether energy use rises proportionally, sub-linearly, or even super-linearly.

### 1. Compute vs. Memory-Bound Regime
- **Arithmetic intensity** (FLOPs per byte moved) decides the dominant cost. Small models are often memory-bound (energy dominated by DRAM/HBM accesses); very large models become more compute-bound once they exceed on-chip SRAM.
- When memory-bound, doubling parameters rarely doubles energy because the same weights are read repeatedly and bandwidth is the limiter. When compute-bound (large batch, long context, fused kernels), energy scales closer to parameter count.
- KV-cache growth in transformers adds another memory term that is linear in sequence length and layers, not just total parameters.

### 2. Hardware Mapping and Utilization
- **Tensor-core / systolic-array efficiency** improves with larger matrix dimensions until a plateau; below that, smaller models waste silicon.
- Multi-GPU or multi-node inference introduces communication (All-Reduce, pipeline bubbles). If model parallelism overhead grows faster than compute, energy per token can increase super-linearly.
- Power delivery and cooling: larger models push chips closer to TDP limits where voltage-frequency curves are less efficient; dynamic voltage scaling and power capping can make marginal energy per parameter non-linear.

### 3. Quantization, Sparsity, and Kernel Optimizations
- 8-bit or 4-bit quantization reduces both memory traffic and arithmetic energy roughly quadratically with bit-width while preserving most accuracy; a 70 B 4-bit model can consume less energy than a 7 B FP16 model on the same hardware.
- Structured sparsity (e.g., 2:4) or MoE routing activates only a fraction of parameters per token, breaking direct proportionality.
- Kernel-level improvements (FlashAttention-2/3, fused QKV projections, continuous batching, paged attention) change the constant factors differently for each model size.

### 4. Serving-System and Workload Effects
- **Batch size and continuous batching**: Larger models force smaller batches due to memory, lowering GPU utilization and amortizing fixed overheads (CUDA launch, networking) less effectively.
- Prompt vs. generation length: energy per prompt token is dominated by prefill (quadratic attention); generation is linear. A model whose size mainly increases generation cost will show different scaling than one dominated by prompt cost.
- Caching, speculative decoding, and distillation further decouple parameter count from observed energy.

### 5. Deployment Environment
- Edge vs. data-center: on-device inference is constrained by DRAM capacity and thermal limits; models that require swapping or off-chip DRAM see super-linear energy.
- Data-center PUE, interconnect fabric, and storage I/O become first-order when models are sharded across racks.

### Practical Rule of Thumb
Energy per token scales roughly as  
`min( compute(params, batch, seqlen), memory-bandwidth-bound(params) )`  
modulo the above optimizations. Consequently, a 10× parameter increase rarely produces a 10× energy increase once quantization, sparsity, or better kernels are applied, and can even decrease energy if the larger model enables higher arithmetic intensity or better hardware utilization.

In short, proportionality holds only in a narrow regime of unoptimized, compute-bound, single-GPU inference with fixed precision; real deployments almost always deviate because of memory hierarchy, quantization, parallelism overhead, and serving dynamics.",Very large models become more compute-bound once they exceed on-chip SRAM.,VERIFIED_FALSE,"The retrieved limit study finds LLM decode is ""heavily bandwidth constrained"" and that compute is ""rarely the bottleneck""; only a small number of cases (e.g., large batch + small context) become compute-bound, contradicting the general claim that very large models become more compute-bound once they exceed on-chip SRAM.",large language models compute-bound once exceed on-chip SRAM paper authors year memory bandwidth on-chip SRAM compute-bound inference training,"Bandwidth, Compute, Synchronization, and Capacity are all you need — https://arxiv.org/html/2507.14397v1 | Bandwidth, Compute, Synchronization, and Capacity are all you need (PDF) — https://arxiv.org/pdf/2507.14397v1"
seed78,"How do precise measurements of rare B meson decays into muon pairs constrain or rule out different types of theories beyond the Standard Model, and which classes of models are most affected?","Precise measurements of the rare decays \(B_s^0 \to \mu^+ \mu^-\) and \(B_d^0 \to \mu^+ \mu^-\) (branching fractions \(\sim 3.0 \times 10^{-9}\) and \(\sim 1.0 \times 10^{-10}\) in the SM) provide powerful constraints on physics beyond the Standard Model (BSM) because these flavor-changing neutral current processes are loop- and helicity-suppressed in the SM, proceeding dominantly via \(Z\)-penguin and box diagrams with top-quark exchange. Any BSM contribution that alters the effective operators—primarily the axial-vector Wilson coefficient \(C_{10}\) (and to a lesser extent \(C_9\)) or introduces scalar/pseudoscalar operators \(C_S, C_P\)—modifies the branching fractions, lifetime ratios, or angular distributions in a measurable way. Current LHCb/CMS/ATLAS results (combined precision \(\sim 10\%\) for \(B_s\)) agree with SM predictions within \(\sim 1-2\sigma\), thereby excluding or squeezing large regions of BSM parameter space.

### Mechanism of Constraints
- **Effective field theory approach**: The decays are sensitive to shifts \(\delta C_{10}\) or non-zero \(C_S, C_P\). Tree-level mediators (e.g., \(Z'\) or leptoquarks) or enhanced loops generate these at levels orders of magnitude above SM expectations unless masses/couplings are tuned. Scalar operators are particularly constrained because they lift the helicity suppression, predicting larger rates or different \(B_s\) effective lifetime.
- **Correlations with other observables**: These decays correlate with \(B \to K^{(*)}\mu\mu\) angular observables, lepton-flavor-universality ratios \(R_K, R_{K^*}\), and \(B_s\) mixing; global fits (e.g., in the Weak Effective Theory) translate the \(\mu\mu\) rates into bounds on new-physics scales \(\Lambda \gtrsim 10-30\) TeV for \(O(1)\) couplings.
- **Experimental handles**: Upper limits on \(B_d \to \mu\mu\) and the ratio \(\mathcal{B}(B_s \to \mu\mu)/\mathcal{B}(B_d \to \mu\mu)\) test minimal flavor violation (MFV) versus new flavor structures.

### Classes of BSM Models Most Affected
- **Supersymmetry (especially large \(\tan\beta\) MSSM)**: Neutral Higgs exchange generates sizable \(C_S, C_P\) contributions proportional to \(\tan^3\beta / m_A^2\). The measured rates exclude \(\tan\beta \gtrsim 30-50\) for TeV-scale superpartners in many scenarios, ruling out large swaths of mSUGRA/CMSSM and NUHM parameter space that were previously allowed by direct searches.
- **Two-Higgs-doublet models (2HDM, Type-II or aligned)**: Charged or neutral scalars mediate similar scalar operators. Precision data push the charged-Higgs mass above \(\sim 1\) TeV or force alignment limits that suppress flavor-changing couplings, strongly constraining “Higgs portal” explanations of other anomalies.
- **Leptoquark models**: Both scalar (\(S_1, R_2\)) and vector (\(U_1\)) leptoquarks that couple \(b\)-\(\mu\) generate tree-level contributions to \(C_{9,10}\) or \(C_S\). These are among the most directly impacted, as they were popular for explaining \(R_K\) anomalies; current \(\mu\mu\) data exclude \(O(1)\) couplings below \(\sim 2-3\) TeV and disfavor many single-LQ solutions unless combined with other mediators.
- **\(Z'\) or extra gauge bosons with non-universal couplings**: Flavor-changing \(Z'\) couplings to \(b s \mu\mu\) produce tree-level shifts in \(C_{10}\). The branching-fraction agreement forces \(M_{Z'} \gtrsim 5-10\) TeV or tiny mixing angles, ruling out many \(U(1)'\) or composite models invoked for \(B\)-physics anomalies.
- **Less constrained classes**: Pure MFV scenarios (e.g., certain composite-Higgs or extra-dimensional models with flavor-blind new physics) remain viable because they largely rescale SM-like operators without introducing large scalars. Models relying solely on right-handed currents or neutrino-related operators are only mildly affected.

In summary, these decays act as a “null-result filter” that most aggressively eliminates BSM scenarios with tree-level FCNCs or enhanced scalar contributions at large \(\tan\beta\), while leaving MFV or decoupled new-physics scenarios relatively intact. Future LHCb upgrades and Belle II data will tighten bounds further, potentially excluding remaining leptoquark/\(Z'\) explanations of \(B\)-anomalies.",The branching fraction of B_s^0 -> mu+ mu- is approximately 3.0 x 10^-9 in the Standard Model.,VERIFIED_FALSE,State-of-the-art Standard Model predictions for B_s^0 → μ+μ− give a branching fraction ≃3.6×10^−9 (not ≃3.0×10^−9); e.g. Bobeth et al. (2014) and recent reviews quote ≈3.6×10^−9.,Standard Model prediction branching fraction Bs to mu mu Bobeth Buras 2013 review,"C. Bobeth, M. Gorbahn, T. Hermann, M. Misiak, E. Stamou, M. Steinhauser, ""Bs,d → l+ l− in the Standard Model with Reduced Theoretical Uncertainty"", Phys. Rev. Lett. 112 (2014) 101801. (arXiv:1311.0903) | C. Bobeth, A. J. Buras, ""Searching for New Physics with ̅B(Bs,d → μμ)/ΔM s,d"", Acta Phys. Pol. B 52 (2021)."
seed79,Why are rare flavor-changing neutral-current decays of B mesons to muon pairs considered especially sensitive probes for physics beyond the Standard Model?,"Rare FCNC decays such as \(B_s\to\mu^+\mu^-\) and \(B_d\to\mu^+\mu^-\) are loop-suppressed in the Standard Model (SM): they proceed only via electroweak penguin and box diagrams and are further suppressed by the small CKM factors \(|V_{tb}V_{ts}^*|\) (or \(|V_{tb}V_{td}^*|)\) and by helicity suppression (\(\propto m_\mu^2/f_B\)). The resulting branching fractions are tiny (\(\sim3\times10^{-9}\) for \(B_s\) and \(\sim1\times10^{-10}\) for \(B_d\)) and theoretically clean—the only non-perturbative input is the precisely known decay constant from lattice QCD.
Any new-physics contribution (e.g., from supersymmetric particles, a charged Higgs, leptoquarks, or \(Z'\) bosons) can enter the same loops or generate new scalar/pseudoscalar operators that evade the SM helicity suppression. Even modest couplings therefore produce \(\mathcal{O}(1)\) deviations in the rate or in the ratio \(\mathrm{BR}(B_s\to\mu\mu)/\mathrm{BR}(B_d\to\mu\mu)\), making these channels among the most powerful low-energy probes of virtual heavy states.
Final answer: loop+helicity+CKM suppression in SM yields tiny, clean BRs highly sensitive to BSM loops/scalars",These decays are suppressed by helicity suppression proportional to m_mu^2/f_B.,VERIFIED_FALSE,Standard references show leptonic B decay amplitudes scale as f_B × m_l (so the decay rate ∝ f_B^2 m_l^2); the proposition’s m_μ^2/f_B dependence contradicts these formulae.,helicity suppression leptonic B meson decays proportional to lepton mass squared over B decay constant,"Radiative Leptonic Decays of the charged B and D Mesons, arXiv:1204.2383 (statement that pure-leptonic decays are helicity suppressed and ∝ m_l^2) | Particle Data Group review / leptonic decays (formula for Γ(P→ℓν) showing ∝ f_P^2 m_ℓ^2) — https://pdg.lbl.gov"
seed81,"How do precise measurements of very rare B-meson decays to muon pairs constrain or rule out extensions of the Standard Model, and what types of new-physics scenarios are most affected?","Precise measurements of the rare decays \(B_s^0 \to \mu^+ \mu^-\) and \(B^0 \to \mu^+ \mu^-\) (with branching fractions \(\mathcal{B}(B_s \to \mu\mu) \approx 3.0 \times 10^{-9}\) and \(\mathcal{B}(B_d \to \mu\mu) \approx 1.0 \times 10^{-10}\) in the SM) provide powerful constraints on Standard Model extensions because these processes are both loop- and helicity-suppressed in the SM. They proceed via \(Z\)-penguin and \(W\)-box diagrams, yielding an amplitude dominated by the axial-vector operator \(O_{10}\) (with a small vector contribution from \(O_9\)). The resulting branching fractions are proportional to \(|C_{10}|^2\) (times phase-space and QCD factors), with additional suppression \(\sim m_\mu^2/m_B^2\).

LHCb, CMS, and ATLAS have measured these modes to \(\sim 10{-}20\%\) precision (combining Run 1+2 data), finding values consistent with SM predictions within uncertainties. This agreement directly limits new-physics (NP) contributions to the Wilson coefficients \(C_9, C_{10}, C_S, C_P\) (and their primed counterparts) in the effective Hamiltonian
\[
\mathcal{H}_\text{eff} \supset - \frac{4G_F}{\sqrt{2}} V_{tb}V_{ts}^* \frac{\alpha}{4\pi} \bigl[ C_{10} O_{10} + C_S O_S + C_P O_P + \dots \bigr],
\]
where scalar/pseudoscalar operators \(O_{S,P} \propto (\bar b s)(\bar \mu \mu)\) arise in many extensions. Because the SM amplitude is purely left-handed and helicity-suppressed, even modest NP scalar couplings can enhance (or suppress) the rate by orders of magnitude; the measured rates therefore bound \(|C_S|\), \(|C_P|\) to \(\lesssim 0.1{-}0.3\) (depending on hadronic form-factor and CKM uncertainties). Time-dependent analyses further constrain the CP-odd component via the effective lifetime, excluding large imaginary parts of NP amplitudes.

**Scenarios most strongly constrained** include:
- Two-Higgs-doublet models (2HDM) and minimal supersymmetric SM (MSSM) at large \(\tan\beta\): neutral-Higgs exchange generates sizable \(C_S, C_P \propto \tan^3\beta / m_A^2\), which are now excluded for \(m_A \lesssim 500{-}800\) GeV in large regions of parameter space (especially with minimal flavor violation).
- \(Z'\) models with tree-level flavor-changing \(b{-}s\) couplings: these modify \(C_9, C_{10}\) at tree level; the \(\mu\mu\) rates exclude \(Z'\) masses below several TeV unless couplings are highly suppressed or aligned.
- Scalar leptoquarks (or R-parity-violating SUSY) coupling \(b{-}\mu\): they induce scalar operators and are pushed to multi-TeV scales or forced into narrow flavor textures.
- Composite or partial-compositeness models that generate enhanced Higgs-mediated FCNCs.

In contrast, pure vector/axial-vector NP (e.g., certain \(Z'\) or leptoquark scenarios with purely left-handed currents) or models with strong CKM suppression (e.g., minimal flavor violation at low \(\tan\beta\)) remain less constrained and can still accommodate the data. Future LHCb and Belle II upgrades will tighten bounds by another factor of 2–3, further squeezing the viable parameter space of scalar-enhanced extensions.",The Standard Model branching fraction for B_s^0 -> mu^+ mu^- is approximately 3.0 x 10^-9.,VERIFIED_FALSE,Recent Standard Model theory calculations give B(B_s^0 → μ^+μ^−) ≃ 3.6 × 10^−9 (not ≃ 3.0 × 10^−9); e.g. Bobeth et al. report (3.65 ± 0.23)×10^−9 and PDG reviews list a similar value ≃3.6×10^−9.,Standard Model prediction B_s to mu mu branching fraction theory review 3e-9,"A. J. Buras et al. / Bobeth et al., ""Bs,d → l+ l− in the Standard Model with Reduced Theoretical Uncertainty,"" Phys. Rev. Lett. 112, 101801 (2014). DOI: https://doi.org/10.1103/PhysRevLett.112.101801 (see arXiv version: https://arxiv.org/abs/1311.0903) | Particle Data Group (PDG) review / Review of B meson decays, PDG (online): https://pdg.lbl.gov/ (SM branching fraction for B_s→μ^+μ^− ≃ 3.66×10^−9)"
seed84,"What are the main nucleosynthetic sources of phosphorus in the Galaxy, and how do they influence the observed trend of phosphorus abundance with stellar metallicity?","Core-collapse supernovae (CCSNe) from massive stars (>8–10 M⊙) are the dominant nucleosynthetic source of phosphorus in the Galaxy. P is synthesized primarily as a primary product during explosive oxygen and neon burning in the progenitor’s shells (via reactions such as \(^{30}\)Si(p,γ)\(^{31}\)P), with ejection in the supernova event. Minor contributions may arise from neutrino-driven winds in CCSNe or (at higher metallicities) from asymptotic giant branch (AGB) stars via proton-capture processing, but these are sub-dominant by factors of several. Type Ia supernovae contribute negligibly, as their yields peak near the iron group.

Because P is released promptly by short-lived massive stars while a substantial fraction of Galactic Fe arrives later from longer-lived Type Ia events, the observed abundance trend follows the classic “α-like” pattern:  
- At low metallicity ([Fe/H] ≲ −1), [P/Fe] exhibits a roughly constant plateau set by the average CCSN yield ratio.  
- At higher metallicity the [P/Fe] ratio declines steadily with rising [Fe/H] as Type Ia iron dilutes the earlier P enrichment without adding comparable phosphorus.  

This produces the observed knee near [Fe/H] ≈ −1 and the subsequent negative slope, fully consistent with the time-delay between CCSNe and Type Ia enrichment.

Final answer: CCSNe (explosive O/Ne burning) dominate; [P/Fe] plateaus at low [Fe/H] then declines as SN Ia add Fe.","At low metallicity ([Fe/H] ≲ −1), [P/Fe] exhibits a roughly constant plateau set by the average CCSN yield ratio.",VERIFIED_FALSE,Observed stellar data (Caffau et al. summary) show [P/Fe] increases toward lower metallicity (from solar down to [Fe/H] ≈ −1) rather than exhibiting a roughly constant plateau at low [Fe/H].,phosphorus abundance trends low metallicity plateau [P/Fe] core collapse supernova yields phosphorus iron abundance halo stars,The Galactic evolution of phosphorus - Observatoire de Paris (summary of Caffau et al.; http://arxiv.org/abs/1107.2657) | Chemical evolution of the Milky Way: the origin of phosphorus — A&A (2012) (search snippet)
seed89,What are the practical advantages and limitations of using phase change materials for thermal management in compact lithium-ion battery packs used in drones and other lightweight applications?,"**Phase change materials (PCMs)**, such as paraffin waxes or salt hydrates with melting points tuned to 30–45 °C, offer a passive thermal buffer for compact Li-ion packs in drones and similar weight-sensitive systems. Heat is absorbed isothermally during solid-to-liquid transition, delaying temperature rise without fans or pumps.

### Practical Advantages
- **Zero parasitic power and minimal added complexity**: No blowers, pumps, or control electronics are required, preserving flight endurance and simplifying pack electronics. This is especially valuable in sub-250 g or <1 kg drones where every watt and gram counts.
- **Hot-spot mitigation and temperature uniformity**: PCM fills interstitial spaces or thin pouches between cells, flattening internal gradients during high-rate discharge (e.g., 5–10 C bursts common in racing or delivery drones). This can extend cycle life by keeping cells below 45–50 °C where SEI growth and electrolyte decomposition accelerate.
- **Lightweight integration potential**: When micro-encapsulated or impregnated into graphite foam/expanded graphite matrices, effective thermal conductivity rises from ~0.2 W m⁻¹ K⁻¹ to 5–20 W m⁻¹ K⁻¹ while adding only 5–15 % mass in optimized designs. The latent heat (150–250 kJ kg⁻¹) provides minutes of buffering during peak loads without continuous active cooling.
- **Fail-safe behavior**: In loss-of-cooling scenarios (fan failure or blocked vents), PCM continues to absorb heat until fully melted, giving a predictable thermal “fuse” that buys time before thermal runaway.

### Key Limitations
- **Finite thermal capacity and regeneration time**: Once the PCM is fully melted, its effective heat capacity drops sharply. In continuous high-power flight or rapid recharge cycles, the material must reject stored heat to ambient air or a heat sink; this often requires surface area or airflow that negates some weight savings. Regeneration times of 10–30 min are typical in still air.
- **Mass/volume penalty in compact packs**: Even high-latent-heat PCMs add 10–30 % to pack mass when encapsulation, thermal interfaces, and structural containment are included. In drones where specific energy (Wh kg⁻¹) directly limits range, this trade-off frequently favors hybrid solutions (PCM + thin heat spreaders or minimal forced air).
- **Low intrinsic conductivity and contact resistance**: Pure PCMs create thermal bottlenecks; without conductive fillers or fins, cell-to-PCM heat transfer lags, allowing local hotspots. Fillers increase density and can reduce latent heat per unit mass.
- **Mechanical and reliability issues**: Volume expansion (5–15 %) during melting stresses thin pouch or prismatic cells and requires compliant encapsulation. Leakage risk, long-term cycling stability (phase segregation, supercooling), and compatibility with electrolytes or adhesives remain concerns for multi-year drone fleets.
- **Narrow operating window and environmental sensitivity**: PCM performance degrades outside its designed melt range. Cold-soak starts (<0 °C) can delay melting onset, while high ambient temperatures (>35 °C) reduce the available driving force for solidification. Variable drone mission profiles (hover vs. sprint) make single-PCM tuning difficult.

In practice, PCMs are most effective in short-duration, high-peak-power applications (racing drones, inspection flights <15 min) or as a supplementary layer in hybrid packs that also use lightweight aluminum spreaders or intermittent low-flow air. Full reliance on PCM alone is rare in production lightweight systems because of the regeneration and mass constraints; instead, designers target 20–40 % of total heat load handled passively while retaining a minimal active or passive vent path for sustained operation.","PCMs require no blowers, pumps, or control electronics, resulting in zero parasitic power and minimal added complexity.",VERIFIED_FALSE,"Reviews show PCMs can be used passively, but many practical PCM systems are implemented with blowers, pumps, ventilation or HVAC and circulation loops for regeneration and heat rejection, so the universal claim that PCMs require no blowers/pumps/control electronics (and thus zero parasitic power) is incorrect.",phase change materials thermal storage no pumps blowers control electronics parasitic power complexity review paper,Phase Change Material Evolution in Thermal Energy Storage Systems (Polymers) — https://pmc.ncbi.nlm.nih.gov/articles/PMC8840734/ | Phase Change Materials in thermal management of Li-ion batteries — ScienceDirect (2026) — https://www.sciencedirect.com/science/article/pii/S2352152X25044962
seed95,What are the main technical challenges and potential benefits of integrating laser- or plasma-based acceleration techniques with existing linear accelerator facilities?,"**Technical Challenges**

Integrating laser-plasma wakefield acceleration (LPWA) or beam-driven plasma wakefield acceleration (PWFA) with existing linear accelerators (e.g., SLAC, DESY, or future facilities) faces several key hurdles:

- **Beam quality matching**: Conventional linacs deliver beams with ~0.1–1% energy spread, normalized emittance ~0.1–1 mm·mrad, and stable charge. Plasma stages often produce larger spreads (few–10%), higher emittance, and shot-to-shot jitter due to nonlinear wakefields and self-injection. Transport optics, energy compressors, or active feedback must bridge this gap without excessive emittance growth.

- **Synchronization and timing**: Femtosecond-scale laser or drive-beam timing relative to the witness bunch demands sub-fs jitter control. Existing RF systems operate at MHz–GHz repetition with ps-level stability; hybrid injection/extraction points require precise laser-RF locking and plasma density control to avoid phase slippage.

- **Staging and beam transport**: Single-stage plasma accelerators reach GeV/m gradients over cm–m lengths, but multi-stage acceleration for high energies needs meter-scale plasma cells separated by conventional focusing lattices. Emittance preservation, chromatic effects, and ion motion or hosing instabilities complicate inter-stage matching.

- **Repetition rate and average power**: Current high-power lasers (Ti:sapphire or CO2) run at 1–10 Hz with ~Joule pulses. Linac facilities target kHz–MHz for luminosity or user operations. Scaling to kW–MW average laser power while maintaining plasma uniformity and managing heat load/ionization remains a major engineering barrier.

- **Diagnostics, stability, and integration**: Ultra-short (fs), high-peak-current bunches require new non-invasive diagnostics (e.g., electro-optic sampling, betatron radiation imaging). Facility infrastructure—vacuum compatibility, radiation shielding, cryogenics for superconducting sections, and control systems—must accommodate plasma sources without compromising reliability or safety.

- **Efficiency and drive-beam management**: In PWFA, the drive bunch loses energy and must be refreshed or recycled; in LPWA, wall-plug efficiency is low (~1% or less today). Overall facility power budget and heat dissipation become limiting.

**Potential Benefits**

Hybrid integration offers substantial advantages by leveraging the ~10–100 GV/m gradients of plasma stages alongside the maturity of RF linacs:

- **Compactness and cost reduction**: A plasma booster stage could add tens of GeV in meters rather than hundreds of meters of RF structures, shrinking tunnel length, civil engineering costs, and magnet/power infrastructure for upgrades to existing facilities or compact colliders/FELs.

- **Higher energies within fixed footprints**: Existing linac tunnels (e.g., SLAC’s 3 km) could reach multi-TeV scales with staged plasma sections, enabling energy-frontier experiments or brighter light sources without new sites.

- **Novel beam parameters**: Plasma acceleration naturally produces fs-duration bunches with kA peak currents, enabling attosecond science, enhanced FEL gain, or compact radiation sources (betatron, undulator, or Compton) with peak brightness beyond conventional limits.

- **Synergistic operation**: Conventional linacs provide stable, high-quality injection and initial acceleration; plasma stages act as compact boosters or afterburners. This hybrid approach exploits existing beamlines, injectors, and user infrastructure while testing plasma tech at scale (as in FACET-II or FLASHForward experiments).

- **Long-term efficiency gains**: Once repetition-rate and efficiency challenges are solved, plasma sections could lower the cost-per-GeV and enable higher luminosities or repetition rates for applications in particle physics, medical isotope production, or industrial processing.

Current R&D focuses on controlled injection (e.g., Trojan Horse, density down-ramp), laser/particle-beam drivers, and proof-of-principle staging. Successful integration would likely appear first in dedicated test facilities before full-scale upgrades.",Single-stage plasma accelerators reach GeV/m gradients over cm–m lengths,VERIFIED_FALSE,"Retrieved sources state that plasma-wakefield accelerators can achieve many GV/m gradients, but these high gradients are achieved only over centimeter-scale lengths, not over meter-scale single stages.",single stage plasma accelerator review GeV per meter gradients centimeter meter scale laser wakefield plasma wakefield accelerator authors review,Shortening the path: Towards multi-stage TeV plasma accelerators - LOA (https://loa.ensta-paris.fr/2023/10/03/shortening-the-path-towards-multi-stage-tev-plasma-accelerators/)
seed99,"How can time delays between detections on spacecraft positioned at different locations in the heliosphere be used to determine the sky location of a distant gamma‑ray burst, and what are the main sources of uncertainty in that triangulation?","Time delays between gamma-ray burst (GRB) detections on widely separated spacecraft enable sky localization via time-of-arrival (TOA) triangulation, exploiting the fact that a cosmologically distant GRB produces an essentially planar wavefront.  

Consider two spacecraft whose positions are known to high accuracy and whose clocks are synchronized in an inertial frame (e.g., via radio ranging and ephemerides). Their separation vector is \(\mathbf{D}\) (with \(|\mathbf{D}|\) up to ~1–2 AU for heliospheric baselines). If \(\mathbf{u}\) is the unit vector from the spacecraft toward the burst, the differential arrival time is exactly  
\[
\Delta t = \frac{\mathbf{D}\cdot\mathbf{u}}{c}.
\]  
A measured \(\Delta t\) (obtained by cross-correlating the burst light curves after correcting for spacecraft-specific energy responses and backgrounds) therefore constrains the burst to a ring (annulus) on the celestial sphere whose pole lies along \(\mathbf{D}\) and whose angular radius \(\theta\) satisfies \(\cos\theta = c\Delta t/|\mathbf{D}|\).  

A third non-collinear spacecraft supplies an independent annulus whose intersection with the first yields at most two candidate sky positions (degenerate only for the rare case of perfect alignment). Additional spacecraft or Earth-orbiting monitors (Fermi, Swift, etc.) over-constrain the solution, allowing a statistical localization whose typical 90 % confidence region can reach a few arcminutes for bright, rapidly variable bursts when baselines exceed ~1 AU.  

The dominant error sources are:  
- Statistical uncertainty in \(\Delta t\) arising from finite signal-to-noise ratio and the irregular, multi-peaked temporal structure of GRB light curves (typically 0.1–few seconds for IPN events; cross-correlation peak fitting or Bayesian timing models quantify this).  
- Systematic clock offsets and spacecraft ephemeris errors (position uncertainties of tens to hundreds of km translate directly into \(\Delta t\) errors of milliseconds).  
- Energy-dependent detector responses and background subtraction mismatches that can bias the effective arrival time by up to ~100 ms.  
- Small geometric dilution when baselines are nearly parallel or when the burst lies near the plane perpendicular to \(\mathbf{D}\).  

These uncertainties broaden each annulus; the final localization error ellipse is obtained by mapping the joint posterior over all measured \(\Delta t\) values and spacecraft position covariances.  

Final answer: triangulation via \(\Delta t = (\mathbf{D}\cdot\mathbf{u})/c\) yields intersecting annuli; main errors are timing precision (light-curve cross-correlation), spacecraft ephemeris/clock offsets, and detector response mismatches.",Spacecraft position uncertainties of tens to hundreds of km translate directly into Δt errors of milliseconds.,VERIFIED_FALSE,"Using the exact speed of light, 1 km of path length corresponds to ≈3.3356 μs of light-travel time; therefore position errors of tens–hundreds of km produce timing errors of tens–hundreds of microseconds (0.01–0.3 ms), not multi-millisecond errors as claimed.",spacecraft position uncertainty timing error milliseconds relation spacecraft position error timing uncertainty transient arrival time paper | spacecraft position error kilometers to signal arrival time milliseconds relation propagation delay timing error paper pulsar navigation timing impact,NIST: The Speed of Light in Vacuum (exact value) — https://www.nist.gov/pml/speed-light | HyperPhysics / general reference (light travel time): http://hyperphysics.phy-astr.gsu.edu/hbase/Relativ/ltime.html (gives ~3.3356 μs per km)
seed103,"What are the key factors that determine whether self-assembly of chiral colloidal particles will produce structures with complete photonic bandgaps, and how can those factors be controlled in experiments?","**Key factors for self-assembly of chiral colloidal particles into structures with complete photonic bandgaps (PBGs)** include particle geometry/chirality, interaction potentials, packing density/symmetry, and dielectric contrast. Complete (omnidirectional) PBGs are rare because most chiral assemblies (e.g., helical or gyroid-like) preferentially open gaps for one circular polarization rather than both polarizations in all directions. They typically require high refractive-index contrast (>2:1) and lattices approaching diamond-like or isotropic chiral networks.

### Primary Determining Factors
- **Particle shape, size, and chirality strength**: Helical, twisted, or screw-like colloids (aspect ratio, helical pitch, groove depth) dictate the preferred lattice. Moderate chirality favors chiral diamond or screw-like packings with potential full gaps; excessive chirality promotes twisted nematics or helicoidal stacks lacking omnidirectional gaps. Polydispersity >5–10% disrupts long-range order and closes gaps.
- **Interparticle potentials and range**: Short-range repulsive (electrostatic, steric) plus attractive depletion or DNA-mediated forces control whether particles form open lattices (e.g., diamond) versus close-packed. Long-range attractions favor kinetic traps (gels, disordered aggregates) that scatter light and destroy bandgaps.
- **Volume fraction and thermodynamic stability**: Optimal packing (typically 0.3–0.45 for open chiral lattices) must match the target symmetry. Too high yields fcc/hcp (pseudo-gaps only); too low yields fluid phases.
- **Dielectric contrast and material composition**: Core refractive index (e.g., TiO₂, Si) versus surrounding medium; incomplete contrast (<1.8–2) prevents a full gap even in perfect lattices.
- **Kinetics and defects**: Nucleation barriers, annealing rates, and defect density (dislocations, grain boundaries) determine whether the system reaches the thermodynamically favored photonic lattice or remains polycrystalline.

### Experimental Control Methods
- **Tuning interactions**: Adjust ionic strength/pH to modulate Debye screening length (electrostatic repulsion); add depletants (polymers) of controlled size/concentration for tunable attraction range; use sequence-specific DNA linkers on particle surfaces for valence- and chirality-selective bonding that stabilizes open chiral lattices.
- **Particle synthesis and functionalization**: Employ seeded growth, glancing-angle deposition, or DNA origami to fabricate uniform chiral colloids with <5% polydispersity and prescribed pitch/handedness. Post-assembly surface modification (e.g., high-index coating) boosts contrast.
- **Density and external fields**: Use controlled sedimentation, osmotic compression, or microfluidic concentration gradients to reach target volume fractions. Apply AC electric fields, shear, or temperature ramps to anneal defects and select handedness or orientation.
- **Solvent and additive engineering**: Choose index-matched or high-contrast solvents; incorporate chiral dopants or magnetic fields to bias enantiomeric excess and suppress racemic domains that wash out polarization-independent gaps.
- **Characterization feedback**: In-situ optical microscopy, SAXS, or circular dichroism during assembly to monitor lattice symmetry and iteratively adjust parameters (e.g., quench rate) to avoid amorphous states.

Success has been demonstrated in simulations for moderate-chirality helices forming diamond-like networks, but experimental realization of true complete PBGs remains challenging and usually requires post-assembly inversion or infiltration to reach sufficient contrast. Defects and finite-size effects often limit performance to partial gaps in practice.",Polydispersity greater than 5–10% disrupts long-range order and closes photonic bandgaps.,VERIFIED_FALSE,"Simulation and experimental-analysis papers report that disorder and bandgap degradation occur at substantially lower polydispersity than 5–10% (transitions around 3–4% and bandgap vanishing by ~5%, with some models finding closure at ~2%), contradicting the claimed 5–10% threshold.",polydispersity effect on photonic bandgap long range order photonic crystals colloidal crystals review,"Allard, M. and E. H. Sargent, ""Impact of polydispersity on light propagation in colloidal photonic crystals,"" Applied Physics Letters 85, 5887 (2004). PDF: https://light.northwestern.edu/wp-content/uploads/2023/01/77.pdf"
seed105,"How do precise measurements of rare meson decays into muon pairs constrain theories beyond the Standard Model, and which classes of new-physics models are most strongly affected?","Precise measurements of rare decays such as \(B_s^0\to\mu^+\mu^-\) and \(B_d^0\to\mu^+\mu^-\) (branching fractions \(\sim3.2\times10^{-9}\) and \(\sim1\times10^{-10}\) in the SM) provide powerful constraints on physics beyond the Standard Model because these processes are both loop- and helicity-suppressed in the SM. They proceed via \(Z\)-penguin and box diagrams (FCNC), with an additional chiral suppression \(\propto m_\mu^2/m_B^2\) that arises because the axial-vector operator \(\mathcal{O}_{10}\) produces a lepton pair in a configuration incompatible with the pseudoscalar meson’s quantum numbers unless the muons are emitted with opposite helicities. Any new-physics contribution that generates scalar or pseudoscalar operators (\(\mathcal{O}_S\), \(\mathcal{O}_P\)) or modifies the axial-vector Wilson coefficient \(C_{10}\) can therefore lift the helicity suppression and produce an observable deviation.

Experimentally, LHCb, CMS and ATLAS have now measured \(\mathcal{B}(B_s\to\mu\mu)\) to \(\sim15\%\) precision and set limits on \(\mathcal{B}(B_d\to\mu\mu)\) at the few\(\times10^{-10}\) level, both consistent with SM expectations. In an effective-field-theory description this agreement directly bounds the Wilson coefficients:
\[
C_S,C_P\lesssim\mathcal{O}(0.1{-}0.3)\qquad\text{at the }m_b\text{ scale},
\]
while \(C_{10}\) is constrained at the few-percent level once combined with other \(b\to s\ell\ell\) observables. Because the matrix elements of the scalar operators between the \(B\) meson and the vacuum are proportional to the muon Yukawa coupling, these bounds translate into stringent limits on any new-physics sector that couples preferentially to the third generation and to leptons.

The classes of models most strongly affected are those that generate scalar/pseudoscalar operators at tree level or via large \(\tan\beta\)-enhanced loops:

- Two-Higgs-doublet models (type-II or aligned 2HDM) with large \(\tan\beta\), where the heavy neutral Higgs \(H^0,A^0\) mediates \(b\bar s\to\mu\mu\) at tree level.
- Minimal supersymmetric extensions (MSSM, NMSSM) at large \(\tan\beta\), where the same Higgs penguins are enhanced by \(\tan^3\beta\) and by possible chargino–stop loops; the measured branching fraction now excludes \(\tan\beta\gtrsim50\) for TeV-scale superpartners in many scenarios.
- Leptoquark models (scalar or vector) that couple third-generation quarks to muons, because they can produce both scalar and vector operators simultaneously.
- \(Z'\) bosons with flavor-non-universal couplings that induce shifts in \(C_{10}\) or generate right-handed currents.

In contrast, models that affect only left-handed vector operators (e.g., certain composite or extra-dimensional scenarios with minimal flavor violation) are less stringently constrained by these modes alone and require complementary observables such as \(B\to K^*\mu\mu\) angular distributions or \(B_s\) mixing. Future sub-percent measurements at LHCb Upgrade II and Belle II will therefore continue to probe the scalar sector of any TeV-scale extension that distinguishes between quark generations and leptons.","LHCb, CMS and ATLAS have measured B_s→μμ to about 15% precision.",VERIFIED_FALSE,"ATLAS's measured B_s→μμ branching fraction is quoted as 2.8 +0.8 −0.7 ×10⁻⁹ (ATLAS press release), i.e. a ≈25–29% uncertainty — inconsistent with the claim that the experiments measured it to about 15% precision.",LHCb CMS ATLAS measurement Bs to mu mu branching fraction precision recent results,New ATLAS result of ultra-rare B-meson decay to muon pair — https://atlas.cern/updates/briefing/new-atlas-result-ultra-rare-b-meson-decay-muon-pair (25 Sep 2018)
seed109,"How can an inert, nonpolar atom like xenon selectively bind to and modulate the function of an ionotropic receptor in the central nervous system?","Xenon modulates ionotropic receptors (primarily NMDA-type glutamate receptors) in the CNS despite its chemical inertness through weak, non-covalent interactions that exploit specific protein microenvironments rather than forming covalent or ionic bonds.

- **Binding mechanism**: The xenon atom (van der Waals radius ~2.16 Å, high polarizability) occupies pre-existing hydrophobic cavities or packing defects within the receptor's extracellular or transmembrane domains. Binding occurs via London dispersion (induced-dipole) forces, which are sufficient in a sterically complementary, low-dielectric pocket to yield micromolar affinity. Crystal structures of xenon-pressurized proteins (e.g., analogs in myoglobin or NMDA GluN1/GluN2 subunits) show the atom nestled among aliphatic side chains (Leu, Ile, Val, Phe) without displacing water or forming H-bonds.
- **Selectivity**: Only pockets whose volume and shape match xenon's size produce measurable occupancy; smaller cavities exclude it sterically, while larger ones allow rapid on/off exchange without functional effect. In NMDA receptors this corresponds to sites near the glycine-binding domain or the extracellular vestibule that allosterically bias channel gating or reduce open probability. Other ionotropic receptors (AMPA, GABA_A, nAChR) lack equivalently sized, functionally coupled cavities, conferring selectivity.
- **Functional modulation**: Occupancy shifts the receptor's conformational energy landscape, stabilizing closed or desensitized states and thereby decreasing agonist-evoked cation conductance. This occurs at clinically relevant partial pressures (~0.5–1 atm) without requiring metabolic activation or covalent modification.

Thus the apparent paradox is resolved by geometry-dependent weak interactions rather than chemical reactivity.","Other ionotropic receptors (AMPA, GABA_A, nAChR) lack equivalently sized, functionally coupled cavities, conferring selectivity to xenon.",VERIFIED_FALSE,"Published studies report that xenon blocks AMPA and nicotinic acetylcholine receptors (contradicting the claim that those receptors lack functionally relevant xenon sites), while xenon’s anesthetic action does not appear to be mediated via GABAA—so the broad statement that AMPA, GABAA and nAChR all ‘lack equivalently sized, functionally coupled cavities’ is contradicted by evidence of xenon effects on AMPA and nAChR.",xenon binding cavity ionotropic receptor AMPA GABAA nicotinic structural comparison xenon selectivity | structural comparison xenon binding cavities AMPA GABAA nicotinic receptor selectivity paper | xenon binding cavities comparison AMPA GABAA nicotinic receptor structural study xenon selectivity,"Weigt H. ""Xenon blocks AMPA and NMDA receptor channels by different mechanisms"" (ANE article PDF) - https://ane.pl/index.php/ane/article/download/1754/1754 | Salmi E. et al. (HERO EPA reference) ""Xenon does not affect gamma-aminobutyric acid type ..."" (report noting no effect on C-11-flumazenil binding consistent with lack of GABAA mediation) - https://hero.epa.gov/reference/1565744/"
seed112,"What factors determine whether increasing model size causes higher inference energy consumption, and how can organizations estimate the real-world energy impact of deploying larger models at scale?","**Factors determining whether larger models increase inference energy**

Inference energy consumption does **not** scale purely with parameter count. The dominant variables are:

- **Arithmetic intensity and hardware regime**  
  Small models are often memory-bandwidth bound; larger models become compute-bound. On modern GPUs/TPUs this can improve utilization and sometimes lower energy per token once the working set fits in on-chip memory or high-bandwidth cache. Crossing the point where the model no longer fits in a single accelerator forces model parallelism or off-chip traffic, sharply raising energy.

- **Batch size and request queuing**  
  Energy per token drops with larger batches because fixed overheads (kernel launch, KV-cache management, data movement) are amortized. Larger models have higher memory footprints, so sustainable batch size often shrinks, increasing energy per query unless techniques such as continuous batching (vLLM, TensorRT-LLM) or PagedAttention are used.

- **Quantization, sparsity, and architecture**  
  4-bit or lower quantization, Mixture-of-Experts (MoE) with sparse activation, speculative decoding, and KV-cache compression can make a 70 B model consume less energy per token than a dense 7 B model under identical hardware and workload. Conversely, very large dense models without these optimizations increase both FLOPs and memory traffic linearly.

- **Context length and workload characteristics**  
  Long contexts amplify the cost of attention and KV cache. Larger models with longer contexts therefore see super-linear energy growth unless optimized attention (FlashAttention-2/3, Ring Attention, etc.) is applied.

- **System-level overheads**  
  Idle power, cooling (PUE), networking for multi-node inference, and CPU preprocessing all add fixed or partially variable costs. Utilization rate determines how much of the total facility energy is attributable to the model.

**Estimating real-world energy impact at scale**

Organizations should treat energy as a measurable systems quantity rather than a theoretical FLOPs calculation:

1. **Direct measurement on target hardware**  
   - Use `nvidia-smi` (or equivalent) for GPU power; integrate with DC instrumentation or facility-level meters for full-stack power.  
   - Run representative workloads (varying batch size, context length, concurrency) for minutes to hours and record joules per token or per request.  
   - Capture both active inference and any background/idle draw.

2. **Model the full deployment**  
   - Throughput (tokens/s or requests/s) at target latency SLO.  
   - Average utilization and queueing behavior.  
   - Regional grid carbon intensity (gCO₂e/kWh) and PUE.  
   - Multiply: energy per token × daily/monthly token volume × PUE × carbon factor.

3. **Use established proxies and tools**  
   - MLPerf Inference energy tracks, CodeCarbon, CarbonTracker, or Zeus for automated profiling.  
   - Published scaling curves (e.g., from Epoch AI, EleutherAI, or hardware vendors) adjusted for your quantization and software stack.  
   - Total Cost of Ownership models that include electricity as a first-class variable alongside GPU-hour pricing.

4. **Scenario analysis**  
   - Compare dense vs. MoE vs. distilled/quantized variants under identical query load.  
   - Model the effect of request batching, speculative decoding, and context compression.  
   - Include future workload growth and hardware refresh cycles.

In practice, a well-optimized 70 B–405 B model running at high utilization with 4-bit weights and continuous batching frequently delivers **lower** energy per useful output than a smaller unoptimized model, especially for high-volume workloads. The decisive variables are therefore measured utilization, batching efficiency, and the effectiveness of compression/sparsity techniques rather than parameter count alone.",Larger models become compute-bound on modern GPUs/TPUs,VERIFIED_FALSE,"Multiple retrieved sources report that LLM inference on modern GPUs/TPUs is typically memory-/bandwidth-bound rather than compute-bound; e.g., an arXiv study states ‘LLM Decode is heavily bandwidth constrained … it is rarely the bottleneck,’ and a technical guide concludes ‘Large Language Models ... are memory bound on most modern GPUs.’",large language models compute bound modern GPUs TPUs when models become compute bound paper report,"Bandwidth, Compute, Synchronization, and Capacity are all you need — arXiv: https://arxiv.org/html/2507.14397v1 | Why Large Language Model inference is memory bound — Alvin Wan: https://alvinwan.com/why-large-language-model-inference-is-memory-bound/"
seed114,"How do micro-scale surface channels alter the hydrodynamic drainage and resulting adhesion between compliant surfaces in viscous fluids, and what role does elastohydrodynamic deformation play in that process?","Micro-scale surface channels (e.g., grooves, trenches, or interconnected networks with widths ~1–100 µm) modify squeeze-film drainage by providing low-resistance pathways for fluid outflow that bypass the high-viscosity lateral Poiseuille flow otherwise required between smooth surfaces. In the lubrication limit, the Reynolds equation \(\nabla\cdot(h^3\nabla p)=\ 6\mu\partial h/\partial t\) shows that an untextured gap of height \(h\) produces a pressure spike \(p\sim\mu R^2\dot h/h^3\) (where \(R\) is the contact radius) that resists approach. Channels locally increase the effective permeability, shortening drainage time by one to two orders of magnitude and allowing the surfaces to reach smaller minimum gaps before hydrodynamic resistance balances the applied load.

Because the surfaces are compliant (Young’s modulus typically <10 MPa), this altered pressure field couples strongly to elastic deformation. The resulting elastohydrodynamic (EHD) problem is solved by iterating the lubrication pressure with the elastic deflection given by the half-space integral (or finite-element compliance matrix) \(\delta(\mathbf{r})=\int G(\mathbf{r}-\mathbf{r}')p(\mathbf{r}')\,dA'\). Positive squeeze pressures flatten the surfaces outside the channels while the channels themselves remain partially open, creating a “dimple-and-valley” morphology. Upon reversal (separation), negative pressures develop inside the residual film; the channels act as nucleation sites that either suppress or localize cavitation, thereby controlling the suction force. When channels remain patent, they vent the film and reduce hydrodynamic adhesion; when EHD deformation collapses the channel roofs, fluid is temporarily trapped and a larger pull-off force appears.

Thus the net adhesion is a non-monotonic function of channel spacing, depth, and fluid viscosity: sparse channels enhance drainage and lower adhesion, while dense or shallow channels can be sealed by EHD deformation, restoring or even amplifying suction relative to a smooth interface. This interplay is central to wet bio-adhesion, soft robotics grippers, and tire–road friction models.","In the lubrication limit, the Reynolds equation is ∇·(h^3 ∇p) = 6 μ ∂h/∂t.",VERIFIED_FALSE,Standard formulations of the Reynolds lubrication equation use a 12μ factor (e.g. ∂/∂x(ρ h^3/(12 μ) ∂p/∂x)+...) so the form ∇·(h^3 ∇p) = 6 μ ∂h/∂t contradicts the usual established coefficient (12 μ) in the classical Reynolds equation.,Reynolds equation lubrication theory h cubed gradient p equals mu time derivative h textbook classic Reynolds lubrication,https://en.wikipedia.org/wiki/Reynolds_equation | https://pmc.ncbi.nlm.nih.gov/articles/PMC4841493/
seed119,How do precise measurements of rare B meson decays to muon pairs constrain or rule out extensions to the Standard Model?,"Precise measurements of the rare decays \(B_s^0 \to \mu^+\mu^-\) and \(B^0 \to \mu^+\mu^-\) provide powerful constraints on physics beyond the Standard Model (BSM) because these flavor-changing neutral current (FCNC) processes are loop-suppressed and helicity-suppressed in the SM, yielding tiny, precisely calculable branching fractions. Any significant deviation signals new particles or interactions contributing at loop level (or, in some cases, at tree level).

### Standard Model Baseline
In the SM these decays proceed via \(Z\)-penguin and \(W\)-box diagrams involving the top quark. The dominant effective operator is the axial-vector operator
\[
\mathcal{O}_{10} = (\bar s \gamma^\mu P_L b)(\bar\mu\gamma_\mu\gamma_5\mu),
\]
with a smaller vector contribution. The predicted branching fractions (including QCD and QED corrections, lattice inputs for the decay constants \(f_{B_s}\) and \(f_B\), and CKM factors) are
\[
\mathcal{B}(B_s\to\mu^+\mu^-)\simeq(3.66\pm0.14)\times10^{-9},
\]
\[
\mathcal{B}(B\to\mu^+\mu^-)\simeq(1.03\pm0.05)\times10^{-10}.
\]
The ratio of the two rates is fixed by \(|V_{td}/V_{ts}|^2\) and lifetime differences, providing an additional consistency check.

### Experimental Measurements
LHCb, CMS, and ATLAS have measured
\[
\mathcal{B}(B_s\to\mu^+\mu^-)=(3.01^{+0.35}_{-0.30})\times10^{-9}
\]
(combined Run 1+2 result), consistent with the SM at \(\sim1.5\sigma\). The \(B^0\) mode yields only an upper limit \(\mathcal{B}(B\to\mu^+\mu^-)<2.6\times10^{-10}\) (95% CL). These results already exclude large regions of BSM parameter space.

### Constraints on BSM Models
New physics enters through modifications to the Wilson coefficients \(C_{10}\), \(C_S\), \(C_P\) (scalar/pseudoscalar), or additional operators. Because the SM amplitude is purely left-handed and axial-vector, scalar or pseudoscalar contributions (which flip chirality) interfere constructively or destructively and are especially visible in the branching fraction.

- **Two-Higgs-doublet models and SUSY**: At large \(\tan\beta\), neutral-Higgs penguins generate sizable scalar operators. The measured rate excludes \(\tan\beta\gtrsim50\) for TeV-scale superpartners (or pushes squark and slepton masses above several TeV). Minimal flavor violation scenarios are tightly bounded; non-minimal flavor violation in the squark sector is even more constrained.
- **Z' bosons and leptoquarks**: Tree-level or loop-induced vector/axial-vector contributions shift \(C_{10}\) or introduce right-handed currents (\(C_{10}'\)). Current data limit the \(Z'\) mass scale to \(\gtrsim few\) TeV for \(\mathcal{O}(1)\) couplings to \(b,s,\mu\).
- **Effective field theory (SMEFT or WET)**: Global fits to \(b\to s\ell\ell\) data (including \(B\to K^*\mu\mu\), \(B_s\to\phi\mu\mu\), angular observables) combined with the dimuon branching fractions bound the scale of dimension-6 operators. Deviations larger than \(\sim10\%\) in \(C_{10}\) or non-zero \(C_S,C_P\) are excluded at 95% CL for scales below \(\sim1-2\) TeV.
- **Lepton-flavor-universality violation scenarios**: Models invoked to explain \(R_K,R_{K^*}\) anomalies are now under pressure; many predict correlated enhancements in \(B_s\to\mu\mu\) that are no longer allowed.

### Ruling-Out Power and Future Reach
Because the SM prediction is known to \(\sim4\%\) and the experimental precision is already \(\sim10\%\), models predicting \(\mathcal{B}(B_s\to\mu\mu)\) outside \([2.5,4.5]\times10^{-9}\) (roughly) are disfavored or excluded. Future LHCb and Belle II runs aim for \(\sim5\%\) precision, which will push the new-physics scale reach into the multi-TeV regime or definitively confirm consistency with the SM. In short, these channels act as “null tests” whose agreement with the SM directly limits the size of any new flavor-violating couplings involving the third-generation quarks and muons.",The ratio of the two rates is fixed by |V_td/V_ts|^2 and lifetime differences.,VERIFIED_FALSE,Standard Model formulae for B_q → μ^+μ^- show the branching fractions are proportional not only to |V_td/V_ts|^2 and lifetimes but also to hadronic factors (decay constants) and kinematic mass factors; therefore the ratio is not fixed solely by |V_td/V_ts|^2 and lifetime differences.,CKM Vtd Vts ratio lifetime differences branching ratio B meson decays review,"C. Bobeth et al., ""Bs,d → ℓ^+ℓ^- in the Standard Model with Reduced Theoretical Uncertainty,"" Phys. Rev. Lett. 112, 101801 (2014); arXiv:1311.0903. (See the formula and discussion of BR ∝ f_{B_q}^2 m_{B_q} τ_{B_q} |V_{tb}V_{tq}^*|^2.) | PDG review: ""73. Production and Decay of b-flavored Hadrons"" (2024), https://pdg.ge.infn.it/2024/reviews/rpp2024-rev-b-meson-prod-decay.pdf (gives the leptonic/rare B decay formulae showing dependence on f_{B_q}^2, m_{B_q}, τ_{B_q}, and CKM factors)."
seed123,"How do precise measurements of rare B meson decays into muon pairs constrain physics beyond the Standard Model, and which types of new-physics scenarios are most strongly affected by these constraints?","Precise measurements of the rare decays \(B_s^0 \to \mu^+ \mu^-\) and \(B^0 \to \mu^+ \mu^-\) (branching fractions \(\sim 3.0 \times 10^{-9}\) and \(\sim 1.0 \times 10^{-10}\) in the SM) provide powerful constraints on physics beyond the Standard Model (BSM) because these flavor-changing neutral currents (FCNCs) are loop-suppressed in the SM, arising only at second order in the weak interaction via \(Z\)-penguin and \(W\)-box diagrams dominated by the top quark. The SM rates are further helicity-suppressed by the small muon mass and are proportional to \(|V_{ts} V_{tb}^*|^2\) (or \(|V_{td} V_{tb}^*|^2\)) times a short-distance factor calculable in perturbation theory to high precision (\(\sim 5\%\) uncertainty after including NNLO QCD and NLO electroweak corrections).

In the language of effective field theory, the decays are described by the operators
\[
\mathcal{O}_{10} = (\bar s \gamma^\mu P_L b)(\bar \mu \gamma_\mu \gamma_5 \mu), \qquad
\mathcal{O}_S = (\bar s P_R b)(\bar \mu \mu), \qquad
\mathcal{O}_P = (\bar s P_R b)(\bar \mu \gamma_5 \mu),
\]
with the branching fraction depending on the Wilson coefficients \(C_{10}\), \(C_S\), \(C_P\) (and their chirality-flipped counterparts). LHCb, CMS, and ATLAS have measured the branching fractions to \(\sim 10{-}20\%\) precision using dimuon mass spectra, proper-time distributions, and multivariate discriminants that separate the signal from the dominant \(B \to hh'\) backgrounds. The combined results agree with the SM within \(\sim 1{-}2\sigma\), implying that any BSM contribution to \(|C_{10}^{\rm NP}|\) or the scalar/pseudoscalar coefficients must be smaller than \(\sim 20{-}30\%\) of the SM value (depending on the operator basis and assumptions about hadronic form factors).

These bounds are especially restrictive for BSM scenarios that generate sizable contributions to the same operators:

- **Supersymmetry at large \(\tan\beta\)**: Neutral-Higgs exchange produces scalar operators whose amplitude grows as \(\tan^3\beta/m_A^2\); the absence of enhancement excludes regions with \(m_A \lesssim 1\) TeV for \(\tan\beta \gtrsim 30{-}50\) in minimal flavor-violation frameworks.
- **Leptoquark models**: Tree-level exchange of scalar or vector leptoquarks coupling to \(b,s\) quarks and muons directly modifies \(C_{10}\) and \(C_S/C_P\). The measured rates limit the leptoquark mass-coupling product to \(\gtrsim 1{-}2\) TeV for \(O(1)\) couplings, strongly constraining third-generation leptoquark explanations of \(B\)-anomalies.
- **\(Z'\) bosons with non-universal or flavor-violating couplings**: Tree-level FCNC contributions to \(C_{10}\) are excluded unless the \(Z'\) mass exceeds several TeV or the relevant couplings are suppressed below \(\sim 10^{-3}\).

In contrast, models that affect only left-handed currents mildly (e.g., certain composite-Higgs or partial-compositeness scenarios) remain less constrained and can still accommodate small deviations. Future improvements in experimental precision and lattice QCD inputs will tighten these limits further, particularly on scalar operators that lift the helicity suppression.","LHCb, CMS, and ATLAS have measured the branching fractions to approximately 10-20% precision using dimuon mass spectra, proper-time distributions, and multivariate discriminants.",VERIFIED_FALSE,"The experiments did use dimuon mass fits, proper-time information and multivariate (BDT) categories in their analyses, but the cited CMS and LHCb measurements report uncertainties of order 30–40% (e.g. BF(Bs→μμ)=3.0+1.0−0.9×10−9 for CMS and 2.9+1.1−1.0×10−9 for LHCb), which contradicts the claim of ∼10–20% precision.",LHCb CMS ATLAS branching fraction dimuon mass proper time multivariate discriminant 10-20 percent precision measurement,"Strangely beautiful dimuons, CERN Courier (https://cerncourier.com/a/strangely-beautiful-dimuons/) | Combination / review (arXiv:2402.09901) — sections describing ATLAS/CMS/LHCb analyses and fit methods"
seed130,What are the key best practices and evaluation criteria for validating synthetic medical images generated by GANs so they can be trusted and safely used in clinical workflows?,"**Key Best Practices and Evaluation Criteria for GAN-Generated Synthetic Medical Images**

Validating synthetic medical images (e.g., CT, MRI, X-ray, histopathology) from GANs (StyleGAN, CycleGAN, diffusion-augmented variants, etc.) for clinical use requires a multi-layered framework. This combines technical fidelity, perceptual realism, downstream utility, privacy safeguards, and regulatory alignment. No single metric suffices; a combination is essential to mitigate risks like hallucinations, mode collapse, or distribution shifts that could lead to misdiagnosis.

### 1. Quantitative Image Quality Metrics (Technical Fidelity)
Use domain-adapted metrics rather than natural-image defaults:
- **Distribution-level similarity**: Fréchet Inception Distance (FID) or Kernel Inception Distance (KID) computed with medical-specific backbones (e.g., RadImageNet, CheXNet, or pathology-pretrained encoders) instead of ImageNet. Also report sliced Wasserstein distance or maximum mean discrepancy (MMD) on latent features.
- **Structural/perceptual fidelity**: Multi-scale SSIM (MS-SSIM), LPIPS (with medical-tuned perceptual networks), or learned perceptual image patch similarity. For paired data (e.g., CycleGAN translation), include PSNR, RMSE, and normalized mutual information.
- **Task-specific metrics**: Dice overlap or Hausdorff distance when evaluating synthetic segmentations/masks; contrast-to-noise ratio (CNR) and signal-to-noise ratio (SNR) for MRI/CT.
- **Diversity and coverage**: Precision-recall curves, density-coverage metrics, or intra-class FID to detect mode collapse.

**Best practice**: Always compare against real hold-out test sets from the target scanner/vendor/protocol. Report confidence intervals via bootstrapping.

### 2. Expert/Clinical Perceptual Validation (Turing-like Tests)
- Multi-reader multi-case (MRMC) studies: 5–10 board-certified radiologists/pathologists blinded to image origin. Use ROC analysis or preference rankings to measure ability to distinguish real vs. synthetic.
- Clinical scoring rubrics: Likert-scale assessment of anatomical correctness, lesion realism, artifact absence, and diagnostic plausibility on specific findings (e.g., lung nodules, microcalcifications).
- Inter- and intra-reader agreement (Cohen’s/Fleiss’ kappa) to quantify consistency.

Synthetic images must achieve near-indistinguishability (AUC close to 0.5 in forced-choice tests) before proceeding.

### 3. Downstream Clinical Utility and Generalization
- **Augmentation experiments**: Train supervised models (segmentation, detection, classification) on real-only vs. real + synthetic datasets. Measure performance lift on external real test sets (e.g., AUC, sensitivity/specificity, Dice).
- **Domain adaptation/shift testing**: Evaluate on data from unseen scanners, populations, or pathologies.
- **Counterfactual or conditional generation checks**: Verify that controlled edits (e.g., “increase tumor size”) produce anatomically plausible and clinically consistent changes.
- **Failure-mode analysis**: Stress-test for artifacts that could mimic pathology (e.g., fake vessels, hallucinated lesions).

Utility is proven only when synthetic data measurably improves or maintains real-world model performance without introducing bias.

### 4. Privacy, Security, and Memorization Checks
- Membership inference attacks and reconstruction attacks to quantify leakage of training-patient data.
- Nearest-neighbor analysis in pixel and feature space (avoid exact or near-duplicates of real cases).
- Differential privacy during training or formal privacy budgeting when required.
- Demographic parity and subgroup performance audits to detect introduced biases (age, sex, ethnicity, scanner type).

### 5. Regulatory and Workflow Integration Criteria
- Align with FDA AI/ML guidance, EU MDR, or equivalent: document intended use, performance claims, and human oversight mechanisms.
- Version-controlled synthetic data pipelines with traceability (seed, hyperparameters, training data summary).
- Prospective silent-mode trials or shadow deployment before any diagnostic influence.
- Continuous monitoring post-deployment for distribution drift.

### Recommended Validation Pipeline
1. Technical metrics + diversity checks.
2. Expert Turing/MRMC study.
3. Downstream task benchmarking on external data.
4. Privacy and bias audits.
5. Regulatory documentation and prospective validation.

**Important caveats**: Synthetic images are best used for data augmentation, education, or algorithm stress-testing—not as standalone diagnostic replacements. Full clinical trust requires prospective evidence that their use does not degrade patient outcomes. Collaboration with clinicians, medical physicists, and regulatory experts is mandatory; purely computational validation is insufficient.

This framework draws from current literature (e.g., MICCAI, Radiology: AI papers on GAN validation) and emerging regulatory thinking. Implementation should be tailored to the specific modality and clinical task.","Fréchet Inception Distance (FID) or Kernel Inception Distance (KID) should be computed with medical-specific backbones such as RadImageNet, CheXNet, or pathology-pretrained encoders instead of ImageNet.",VERIFIED_FALSE,"A recent comprehensive evaluation (Woodland et al., MICCAI 2024 / arXiv:2311.13717) found ImageNet-trained feature extractors correlated better with human judgment than RadImageNet (medical) extractors, concluding that medical-image-trained backbones do not inherently improve FID and can reduce reliability.",RadImageNet CheXNet pathology pretrained encoder Fréchet Inception Distance Kernel Inception Distance medical images evaluation,"Feature Extraction for Generative Medical Imaging Evaluation (McKell Woodland et al., MICCAI 2024 / arXiv:2311.13717) - https://arxiv.org/html/2311.13717v4 | Feature Extraction for Generative Medical Imaging Evaluation (MICCAI 2024 paper) - https://papers.miccai.org/miccai-2024/paper/2251_paper.pdf"
seed132,How can measurements of very rare neutral meson decays into lepton pairs be used to test the Standard Model and constrain theories of physics beyond the Standard Model?,"Measurements of rare neutral-meson decays such as \(B_s^0\to\mu^+\mu^-\), \(B_d^0\to\mu^+\mu^-\) or \(K_L\to\mu^+\mu^-\) (and their electron or tau analogues) provide exceptionally clean tests of the Standard Model (SM) because they proceed through loop-induced flavour-changing neutral currents that are further suppressed by the Glashow–Iliopoulos–Maiani mechanism and small CKM factors. In the SM these processes are described by a single effective operator (axial-vector) whose Wilson coefficient \(C_{10}\) is known to high perturbative accuracy; the only non-perturbative input is the meson decay constant \(f_M\), which is now computed at the percent level by lattice QCD. Consequently the SM branching-fraction predictions carry uncertainties below 5 % for \(B_s\to\mu\mu\) and a few percent for the kaon modes.

Experimentally, the LHCb, CMS and ATLAS collaborations have measured \(\mathcal{B}(B_s\to\mu\mu)\) to \(\sim10\%\) precision, finding agreement with the SM value \(\approx3.66\times10^{-9}\). Any statistically significant deviation would signal new physics. Because the same short-distance loops that generate the SM amplitude can contain virtual particles from beyond-SM scenarios (supersymmetric partners, leptoquarks, \(Z'\) bosons, two-Higgs-doublet models, etc.), the measured rate directly constrains the Wilson coefficients of the effective Hamiltonian. In particular:

- Scalar and pseudoscalar operators (\(C_S\), \(C_P\)) that arise at large \(\tan\beta\) in supersymmetry or in models with extra Higgs doublets modify the rate proportionally to \(\tan^2\beta/m_A^2\); the present limit already excludes large regions of parameter space.
- Modifications to the vector/axial-vector coefficients (\(C_9\), \(C_{10}\)) from \(Z'\) or leptoquark exchange alter both the branching fraction and the ratio \(\mathcal{B}(B_d\to\mu\mu)/\mathcal{B}(B_s\to\mu\mu)\), which is fixed by CKM elements in the SM.
- Lepton-flavour-violating modes (\(B_s\to\mu e\), etc.) are forbidden in the SM at any perturbative order and therefore constitute null tests whose observation would immediately indicate new physics.

Because the hadronic uncertainties are minimal and the SM prediction is parametrically small, even a factor-of-two enhancement or suppression translates into stringent lower bounds on the mass scale of new particles (typically several TeV for order-one couplings). Future upgrades at the LHC and Belle II will push the experimental precision to a few percent, turning these channels into high-sensitivity probes that complement direct searches at the energy frontier.","LHCb, CMS and ATLAS collaborations have measured B(B_s -> mu mu) to approximately 10% precision.",VERIFIED_FALSE,"The combined ATLAS+CMS+LHCb result gives B(B_s→μ+μ−) = 2.69^{+0.37}_{-0.35}×10^{-9}, i.e. roughly 13–14% uncertainty, not ≈10%.",LHCb CMS ATLAS measurement Bs to mu mu branching fraction 2010 2020 combination precision,https://cds.cern.ch/record/2728059 | https://inspirehep.net/literature/1810425
seed135,"What are effective strategies for improving relevance matching between multilingual user queries and product listings on e-commerce platforms, especially when labeled data is limited?","**Effective strategies for multilingual relevance matching with limited labels** focus on leveraging pre-trained cross-lingual models, synthetic data generation, and hybrid retrieval while minimizing reliance on human-annotated query-product pairs.

### 1. Cross-Lingual Dense Retrieval with Multilingual Transformers
Use models such as **XLM-R**, **mBERT**, **LaBSE**, or **mE5** to encode both queries and product listings (titles, descriptions, attributes) into a shared semantic space.  
- **Fine-tuning approach with scarce labels**: Apply contrastive learning on unlabeled query–product pairs or product–product pairs (e.g., title vs. description). Use InfoNCE or triplet loss with in-batch negatives and hard negatives mined via BM25.  
- **Zero-shot baseline**: Encode queries and listings directly; rank by cosine similarity. This often outperforms lexical baselines even without fine-tuning.  
- **Adapter or LoRA tuning**: Add lightweight adapters and train only on a few thousand labeled pairs (or machine-translated pairs) to adapt the model without catastrophic forgetting.

### 2. Data Augmentation via Translation & Back-Translation
- Translate high-resource language queries/products into low-resource languages using NMT models (NLLB, M2M-100) to create synthetic parallel data.  
- Back-translate product titles to generate query-like paraphrases.  
- Apply **mixup** or **EDA** (easy data augmentation) on embeddings or token level.  
This effectively multiplies limited labeled data while preserving semantic alignment.

### 3. Hybrid Lexical + Semantic Retrieval (Two-Stage or Late Fusion)
- **Stage 1 (recall)**: BM25 or multilingual BM25 (with language-specific tokenization or script normalization) to retrieve top-k candidates cheaply.  
- **Stage 2 (ranking)**: Re-rank with dense cross-lingual embeddings or a cross-encoder (e.g., XLM-R cross-encoder).  
- **Fusion**: Combine scores with Reciprocal Rank Fusion (RRF) or learned weights. This compensates for semantic models’ weakness on rare tokens and exact matches common in e-commerce.

### 4. Weak Supervision & Pseudo-Labeling
- Generate noisy labels using:
  - Click logs or purchase data (if available) as implicit relevance signals.
  - Rule-based heuristics (exact title match, category overlap, price range).
  - Teacher model (strong cross-encoder) to label unlabeled query–listing pairs.
- Train a student retriever on these pseudo-labels, then iteratively refine.

### 5. Query & Product Normalization Techniques
- Normalize queries for common e-commerce patterns: abbreviations, typos, transliteration (e.g., Romanized Hindi/Arabic), currency/unit variants.  
- Use multilingual spell-correction or phonetic embeddings (e.g., via fastText + phonetic features).  
- Enrich product listings with structured attributes (brand, color, size) projected into the same embedding space.

### 6. Active Learning & Efficient Labeling
When some labeling budget exists:
- Use uncertainty sampling or diversity-based selection on the embedding space to choose the most informative query–product pairs for annotation.
- Start with 1k–5k high-quality labels and iteratively improve.

### 7. Additional Practical Enhancements
- **Multilingual query intent classification** as an auxiliary task (multi-task learning) to improve representation quality.
- **Category-aware retrieval**: Filter or boost candidates within predicted product categories to reduce noise.
- **Evaluation**: Use nDCG@10 or Recall@100 on held-out multilingual test sets; monitor per-language performance to detect degradation on low-resource languages.

### Recommended Pipeline (Low-Label Regime)
1. Start with multilingual BM25 + LaBSE/XLM-R zero-shot ranking.
2. Add contrastive fine-tuning on unlabeled product data + back-translated queries.
3. Apply hybrid fusion and pseudo-labeling from logs.
4. Introduce a small set of human labels via active learning for final calibration.

This combination typically yields strong gains over pure lexical search while remaining robust across languages with minimal supervision.",Adapter or LoRA tuning allows training only lightweight adapters on a few thousand labeled pairs (or machine-translated pairs) to adapt the model without catastrophic forgetting.,VERIFIED_FALSE,"A recent controlled study found that LoRA produced comparable levels of catastrophic forgetting to full fine-tuning, contradicting the claim that adapter/LoRA tuning adapts models “without catastrophic forgetting.”",adapter tuning LoRA few thousand labeled pairs machine-translated pairs catastrophic forgetting paper authors 2020 2021 2022,Conditions for Catastrophic Forgetting in Multilingual ... (arXiv) — https://arxiv.org/html/2510.19546v1
seed137,What are the main advantages and limitations of using high-power LEDs instead of lasers for fluorescence-based pressure measurements in high‑pressure cells?,"**Advantages of high-power LEDs over lasers:**

- **Cost, size, and simplicity**: LEDs are far less expensive, more compact, and easier to integrate into high-pressure setups (e.g., via fiber coupling or window ports) without needing complex optics, alignment hardware, or safety enclosures required for class 3B/4 lasers.
- **Safety and coherence**: Incoherent output eliminates eye-safety hazards, speckle patterns, and interference fringes that can arise inside confined cells with reflective surfaces or small apertures.
- **Spectral matching and stability**: Broad emission (typically 20–50 nm FWHM) can overlap well with broad absorption bands of common pressure probes (e.g., certain organic dyes or ruby R-lines tails). LEDs also offer simple electronic modulation/pulsing for lock-in detection or lifetime-based pressure sensing and generally lower intensity noise than many diode or gas lasers.
- **Thermal/electrical simplicity**: Operate at low voltage; heat sinking is straightforward compared with many laser systems.

**Limitations relative to lasers:**

- **Power density and focusing**: LEDs are extended, Lambertian sources with high etendue; they cannot be focused to the diffraction-limited micron-scale spots achievable with lasers. In diamond-anvil cells or other micro-volume high-pressure chambers this yields much lower excitation intensity at the sample, reducing signal-to-noise for weak fluorophores.
- **Spectral width and filtering**: The broader bandwidth lowers excitation efficiency for narrow-line absorbers and increases the need for aggressive emission filtering to reject scattered excitation light, which can be problematic behind thick cell windows or in the presence of Raman scattering from the pressure medium.
- **Coupling efficiency**: Poorer directionality makes efficient delivery through small optical ports or long working-distance objectives more lossy than with collimated laser beams.
- **Peak power and time resolution**: While average power can be high, peak intensities and short-pulse performance are generally inferior to pulsed lasers, limiting some time-resolved or nonlinear fluorescence techniques used for pressure calibration.

In practice, LEDs are attractive for larger-volume cells or when cost/portability dominate; lasers remain preferred for micron-scale samples where high local fluence is essential.",Incoherent output from LEDs eliminates speckle patterns.,VERIFIED_FALSE,Retrieved literature shows LEDs (incoherent/broadband sources) strongly reduce speckle but do not universally eliminate it; speckle depends on spatial/temporal coherence and source geometry (LEDs can still produce visible interference under some conditions).,LED illumination speckle reduction incoherent output eliminates speckle patterns paper | LED illumination speckle reduction do LEDs eliminate speckle coherence degree LED spatial temporal coherence study,"Coherence properties of different light sources and their effects on holographic imaging (Y. Deng et al., Scientific Reports 2017) - https://www.nature.com/articles/s41598-017-06215-x | B. Redding et al., PNAS 2015 (low spatial coherence sources avoid speckle) - https://www.pnas.org/doi/10.1073/pnas.1419672112"
seed138,How do precise measurements of rare B-meson decays into muon pairs constrain or inform models of physics beyond the Standard Model?,"**Rare \(B\)-meson decays to muon pairs, principally \(B_s^0 \to \mu^+\mu^-\) (and the much rarer \(B_d^0 \to \mu^+\mu^-\)), are loop- and helicity-suppressed flavor-changing neutral-current processes in the Standard Model.** Their branching fractions are therefore tiny and calculable to high precision (\(\sim 3.66 \times 10^{-9}\) for \(B_s\) and \(\sim 1.03 \times 10^{-10}\) for \(B_d\) in the SM, including NLO QCD and QED corrections plus lattice-QCD decay constants and CKM elements). Any measured deviation directly probes physics beyond the SM (BSM) because the decay is sensitive to new particles that can enter the loops or generate new local operators.

### Effective-theory language
In the weak effective theory the relevant operators are
\[
\mathcal{O}_{10} = (\bar s\gamma^\mu P_L b)(\bar\mu\gamma_\mu\gamma_5\mu),\qquad
\mathcal{O}_S = (\bar s P_R b)(\bar\mu\mu),\qquad
\mathcal{O}_P = (\bar s P_R b)(\bar\mu\gamma_5\mu).
\]
The SM contributes almost exclusively to \(C_{10}\) (with a tiny scalar piece from the Higgs). New physics can modify \(C_{10}\) or introduce sizable \(C_S,C_P\) (scalar/pseudoscalar operators that are helicity-unsuppressed for muons). The branching fraction scales as
\[
\mathcal{B}(B_s\to\mu\mu) \propto |C_{10}^\text{SM}+\Delta C_{10}|^2 + |C_S|^2 + |C_P|^2
\]
(with a similar but CKM-suppressed expression for \(B_d\)). Precise measurements therefore bound linear combinations of these Wilson coefficients at the electroweak scale; after renormalization-group evolution they translate into limits on TeV-scale couplings.

### Concrete BSM constraints
- **Supersymmetry at large \(\tan\beta\)**: Neutral-Higgs penguins (enhanced by \(\tan\beta\)) generate scalar operators whose contribution grows as \(\tan^6\beta/m_A^4\). LHCb+CMS limits already exclude large regions of the CMSSM/mSUGRA parameter space for \(\tan\beta\gtrsim 30\) and squark masses below a few TeV; they also constrain non-minimal flavor-violating SUSY scenarios.
- **Two-Higgs-doublet models (type II or aligned)**: Charged-Higgs and neutral-Higgs exchange produce analogous enhancements; the same data exclude charged-Higgs masses below \(\sim 1\)–2 TeV for moderate-to-large \(\tan\beta\).
- **Z′ bosons or leptoquarks**: Tree-level or loop-induced contributions to \(C_{10}\) (or to vector operators that feed into it via mixing) are bounded. A Z′ that explains the \(b\to s\ell\ell\) anomalies must satisfy the \(B_s\to\mu\mu\) rate; many simple U(1)′ models are now in tension or excluded.
- **Minimal flavor violation and MFV-like scenarios**: The ratio \(\mathcal{B}(B_d\to\mu\mu)/\mathcal{B}(B_s\to\mu\mu)\) remains close to \(|V_{td}/V_{ts}|^2\) unless new sources of flavor violation are present; the measured ratio therefore tests MFV assumptions.
- **Lepton-flavor-universality violation**: If new physics couples differently to muons versus electrons, the muon-mode rate deviates from the electron-mode prediction; combined with \(R_K\) and \(R_{K^*}\) this further restricts the allowed Wilson-coefficient space.

### Current experimental status and implications
LHCb, CMS and ATLAS measurements (\(\mathcal{B}(B_s\to\mu\mu) \approx 3.0{-}3.3\times10^{-9}\)) are statistically consistent with the SM central value within \(\sim 1{-}2\sigma\), depending on the precise treatment of \(B_s\)–\(\bar B_s\) width difference and form-factor inputs. This agreement already pushes the scale of generic new-physics contributions to several TeV. Future LHCb upgrades and Belle II will reduce the experimental uncertainty to the few-percent level, matching the SM theory error; any persistent deficit or excess will either exclude broad classes of models or point to specific operator structures (e.g., destructive interference in \(C_{10}\) versus a scalar contribution).

In short, these “golden” rare decays function as high-precision null tests: they limit the allowed size of new flavor-violating couplings and, when combined with other \(b\to s\ell\ell\) observables, sharply delineate the viable parameter space of almost every motivated BSM framework that addresses the flavor problem.",The branching fraction B(B_s->mu mu) is proportional to |C_10^SM + Delta C_10|^2 + |C_S|^2 + |C_P|^2.,VERIFIED_FALSE,"Standard references give the branching ratio as proportional to |P|^2+|S|^2 with P and S being specific combinations of C10, C_P and C_S (including mass-dependent prefactors and a term in P that mixes C10 and C_P); it is therefore not simply proportional to |C10^SM+ΔC10|^2 + |C_S|^2 + |C_P|^2.",B_s to mu mu branching fraction C10 C_S C_P Wilson coefficients review paper,"C. Bobeth et al., ""Bs,d → ℓ^+ℓ^- in the Standard Model with Reduced Theoretical Uncertainty"", Phys. Rev. Lett. 112 (2014) 101801. (see e.g. arXiv:1311.0903) https://arxiv.org/abs/1311.0903 | A. J. Buras et al./reviews of rare B decays (review sections on B_s→μ^+μ^-): standard formula BR ∝ (|P|^2+|S|^2) with P and S combinations as above (see reviews such as A. J. Buras, J. Girrbach, R. Knegjens; and Altmannshofer & Straub). Example review: D. M. Straub, ""Overview of constraints on new physics in rare b decays"" (slides/notes) https://indico.in2p3.fr/event/6001/contributions/36494/attachments/29167/35944/straub.pdf"
seed143,What are the main trade-offs between using neuromorphic processors and conventional deep learning accelerators for real-time biomedical signal processing on edge/point-of-care devices?,"Neuromorphic processors (e.g., Intel Loihi, IBM TrueNorth, or SpiNNaker-style chips) and conventional deep learning accelerators (e.g., NPUs, TPUs, or systolic-array ASICs like those in Edge TPUs or mobile GPUs) represent fundamentally different computational paradigms for edge biomedical signal processing (ECG, EEG, EMG, neural spikes, etc.). The core trade-offs revolve around power, latency, model accuracy, and ecosystem maturity. Below is a breakdown focused on real-time constraints typical of point-of-care or wearable devices.

### Power and Energy Efficiency
- **Neuromorphic advantage**: Event-driven, asynchronous spiking neural networks (SNNs) only consume energy on spikes. Biomedical signals are often sparse and temporally sparse (e.g., QRS complexes in ECG or action potentials), enabling microwatt-level operation in always-on streaming scenarios. This is particularly valuable for battery-powered or energy-harvesting implants/wearables.
- **Conventional trade-off**: Dense matrix multiplications and synchronous clocking lead to higher static and dynamic power even with optimizations like pruning or quantization. They excel at bursty high-throughput inference but can drain batteries faster during continuous monitoring unless heavily duty-cycled.
- **Net**: Neuromorphic typically wins by 10-100× in energy per inference for sparse temporal data, but only if the workload stays sparse; dense or high-activity regimes erode the benefit.

### Latency and Real-Time Responsiveness
- **Neuromorphic**: Native support for temporal dynamics and recurrence via spiking neurons can yield sub-millisecond reaction times to events without buffering entire windows. This suits low-latency anomaly detection (e.g., arrhythmia or seizure onset).
- **Conventional**: Optimized for batched, parallel matrix ops; they achieve very low inference latency on fixed-size inputs (via vectorized execution) but incur overhead from data movement and synchronization. Real-time streaming often requires explicit buffering or recurrent architectures (LSTM/GRU), adding latency.
- **Net**: Neuromorphic is often preferable for continuous, event-triggered biomedical streams; conventional can match or exceed when the model is small and the hardware has dedicated low-precision tensor units.

### Accuracy and Model Expressiveness
- **Neuromorphic limitations**: Training SNNs remains harder (surrogate gradients, ANN-to-SNN conversion, or local learning rules like STDP). This frequently results in accuracy drops (5-20% relative) versus equivalent ANNs on complex tasks, especially with noisy or non-stationary biomedical data. Software support is immature.
- **Conventional strength**: Mature frameworks (TensorFlow Lite, PyTorch Mobile, ONNX) and proven architectures (CNNs, Transformers, quantized RNNs) deliver state-of-the-art accuracy. Quantization-aware training and hardware-specific optimizations (INT8/INT4) preserve performance while fitting edge memory limits.
- **Net**: Conventional accelerators currently dominate when regulatory or clinical requirements demand high sensitivity/specificity. Neuromorphic accuracy is improving but still lags for general-purpose models.

### Hardware Integration, Scalability, and Cost
- Neuromorphic chips often integrate analog or mixed-signal neuron circuits, offering compactness for specific bio-signal front-ends but facing challenges in scalability, process variation, and yield. They are less common and more expensive today.
- Conventional DL accelerators benefit from widespread CMOS scaling, standardized digital design flows, and volume production, making them cheaper and easier to integrate with existing MCUs or sensors.
- Both must contend with biomedical constraints (electromagnetic interference, motion artifacts, patient variability), but conventional hardware pairs more readily with established signal-processing pipelines (filtering + feature extraction).

### Development and Deployment Practicality
- Conventional: Rich toolchain, easier debugging, and transfer learning from cloud models accelerate prototyping.
- Neuromorphic: Requires specialized compilers, spike encoding/decoding stages, and often custom datasets; debugging temporal spike dynamics is harder.

In summary, choose neuromorphic processors when extreme power efficiency and native temporal processing are paramount and the application tolerates some accuracy trade-off or can use hybrid SNN-ANN approaches. Choose conventional accelerators when maximum accuracy, rapid development, and broad model flexibility matter more than marginal power savings. Many practical edge biomedical systems today hybridize the two—using a conventional front-end for feature extraction and neuromorphic stages for ultra-low-power event detection.","Event-driven, asynchronous spiking neural networks only consume energy on spikes.",VERIFIED_FALSE,"While SNNs are event-driven and can reduce dynamic power, retrieved sources state that neuromorphic hardware still has nonzero resting/static power and that most hardware ""employs a significant amount of energy even when no computing is being done,"" contradicting the absolute claim that energy is consumed only on spikes.",spiking neural networks energy consumption event-driven asynchronous spikes only consume energy papers review neuromorphic hardware,"Spike-based dynamic computing with asynchronous sensing and neuromorphic SoC (M. Yao et al., 2024) — https://pmc.ncbi.nlm.nih.gov/articles/PMC11127998/ | How to Implement Energy-Efficient Spiking Neural Hardware — https://eureka.patsnap.com/report-how-to-implement-energy-efficient-spiking-neural-hardware"
seed145,"What practical steps can organizations that use machine learning for official statistics take to detect, monitor, and mitigate the impacts of changing data sources on the validity and reliability of their outputs?","**Practical steps for ML in official statistics**

Organizations producing official statistics (e.g., national statistical institutes) must treat data-source changes—policy shifts, new administrative systems, sensor replacements, scraping rule updates, or vendor changes—as a core operational risk. The following steps are grouped by the three required functions and are designed to be embedded in existing quality-assurance and production pipelines.

### 1. Detect changes in data sources
- **Provenance and metadata tracking**: Record every data ingestion with immutable metadata (source system ID, extraction timestamp, schema version, collection instrument, known coverage gaps). Use a lightweight data catalog or blockchain-style ledger so downstream teams can immediately see when a source changes.
- **Automated distributional monitoring at ingestion**: Apply lightweight statistical tests on every new batch or stream:
  - Population Stability Index (PSI) or Kullback-Leibler divergence on key features.
  - Kolmogorov-Smirnov or Chi-squared tests for categorical variables.
  - Simple summary statistics (mean, variance, missingness rate, category frequencies) with control limits derived from historical “stable” periods.
- **Schema and semantic drift detection**: Run schema-validation tools (e.g., Great Expectations, Deequ) plus custom checks for unit changes, classification-code updates, or geographic boundary revisions.
- **External signal monitoring**: Subscribe to official notices of administrative-system changes and maintain a “change calendar” that flags expected discontinuities (e.g., new tax form, census boundary update).

### 2. Monitor impacts on model validity and reliability
- **Layered performance dashboards**:
  - Input layer: feature-drift metrics (as above).
  - Output layer: stability of published aggregates, prediction intervals, and comparison with any parallel traditional estimates.
  - Ground-truth layer: periodic hold-out or audit samples where possible (e.g., small re-surveys or administrative cross-checks).
- **Concept-drift detection**: Track the relationship between inputs and the target variable using rolling-window retraining performance, residual analysis, or specialized detectors (e.g., ADWIN, Page-Hinkley). In official statistics this often means comparing ML-derived estimates against survey benchmarks released with a lag.
- **Alerting and escalation thresholds**: Define three-tier alerts (yellow = investigate, orange = restrict use, red = switch to fallback). Route alerts to both methodologists and subject-matter experts.
- **Reproducibility audits**: Quarterly “model cards” that document training data vintage, hyper-parameters, and known limitations; re-run the card whenever a source change exceeds a pre-defined tolerance.

### 3. Mitigate effects on outputs
- **Staged retraining policy**:
  - Minor drift → incremental update with safeguards (learning-rate annealing, elastic weight consolidation).
  - Structural change → full retraining on a carefully constructed “bridge” dataset that overlaps old and new sources, followed by back-casting of historical series where feasible.
- **Domain-adaptation and calibration techniques**: Use importance weighting, adversarial domain adaptation, or post-hoc calibration (e.g., isotonic regression on a recent validation window) to reduce bias introduced by the new source.
- **Hybrid or ensemble fallbacks**: Maintain a parallel non-ML estimator (traditional survey or small-area model) that can be used for quality assurance or as a temporary replacement during transition periods. Publish both series with clear metadata during the overlap window.
- **Transparent revision protocols**: Adopt and publish a formal revision policy that distinguishes between routine revisions and source-induced breaks. Provide users with adjustment factors or bridged time series when discontinuities occur.
- **Human-in-the-loop governance**: Require sign-off from a methods review board before any model affected by a detected source change is used for official release. Document the decision rationale for auditability.

### Cross-cutting enablers
- Integrate the above checks into CI/CD pipelines so that every data refresh automatically triggers drift tests before models are promoted to production.
- Allocate dedicated “data-source stewardship” roles whose performance metrics include timely detection and documentation of changes.
- Align practices with emerging statistical-quality frameworks (e.g., UNECE “Machine Learning for Official Statistics” guidelines, Eurostat quality reports) to ensure reproducibility and public trust.

By treating data-source change as a measurable, monitorable, and mitigable process rather than an ad-hoc event, organizations can maintain the validity and reliability expected of official statistics while still benefiting from machine-learning efficiency gains.",Apply Kolmogorov-Smirnov or Chi-squared tests for categorical variables during automated distributional monitoring.,VERIFIED_FALSE,"Retrieved guidance states KS is for continuous/ordered data and is not appropriate for categorical features, while chi-squared (or frequency/PSI tests) is recommended for categorical variables (Arize).",distributional monitoring automated monitoring Kolmogorov Smirnov chi squared categorical variables best practices,https://arize.com/glossary/kolmogorov-smirnov-test/ (Arize glossary: Kolmogorov-Smirnov Test)
seed146,"How do precision measurements of rare decays of neutral B mesons into muon pairs constrain theories beyond the Standard Model, and which classes of new-physics models are most strongly affected by such constraints?","Precision measurements of the rare decays \(B_s^0 \to \mu^+\mu^-\) and \(B^0 \to \mu^+\mu^-\) (branching fractions \(\sim 3.2 \times 10^{-9}\) and \(\sim 1.1 \times 10^{-10}\) in the SM) provide powerful constraints on beyond-Standard-Model (BSM) physics because these flavor-changing neutral currents (FCNCs) are loop- and helicity-suppressed in the SM, occurring only via \(Z\)-penguin and box diagrams with tiny CKM factors. Any deviation in rate, angular observables, or the ratio \({\rm BR}(B^0)/{\rm BR}(B_s^0)\) signals new contributions to the effective operators \(\mathcal{O}_{10}\), \(\mathcal{O}_S\), and \(\mathcal{O}_P\) (or their primed counterparts) in the weak effective theory.

Experimentally, LHCb, CMS, and ATLAS have measured \({\rm BR}(B_s^0 \to \mu^+\mu^-)\) to \(\sim 10\%\) precision (consistent with SM within \(1{-}2\sigma\)) and placed upper limits on the \(B^0\) mode near its SM value. These results tightly bound the Wilson coefficients: scalar/pseudoscalar coefficients \(C_{S,P}\) are limited to \(\lesssim 0.1{-}0.3\) times their SM values at the electroweak scale, while modifications to \(C_{10}\) (axial-vector) are constrained at the few-percent level when combined with other \(b\to s\ell\ell\) data.

The decays most strongly constrain models that generate sizable scalar or pseudoscalar operators or enhance the axial-vector contribution without violating other flavor bounds. The classes most affected include:

- **Two-Higgs-doublet models (2HDM) and supersymmetry at large \(\tan\beta\)**: Neutral Higgs exchange lifts helicity suppression, yielding \(\rm BR \propto \tan^6\beta / m_A^4\) (or analogous factors in the MSSM). Current limits exclude \(\tan\beta \gtrsim 30{-}50\) for \(m_A \lesssim 1\) TeV in Type-II scenarios, directly impacting natural SUSY parameter space.
- **Tree-level FCNC mediators** such as \(Z'\) bosons or scalar leptoquarks with flavor-violating couplings to \(b,s,\mu\): These produce unsuppressed contributions to \(C_{10}\) or \(C_S\), often excluded for couplings \(\gtrsim 10^{-3}\) at TeV scales unless aligned with minimal flavor violation.
- **Composite or extra-dimensional models** inducing Kaluza-Klein gauge bosons or custodially protected operators that modify \(C_{10}\) at loop level, though these are more weakly bounded unless they also affect \(B_s\) mixing.

Combinations with \(\Delta F=2\) observables (e.g., \(B_s\) mixing) further restrict the viable parameter space, pushing many scenarios into decoupled or aligned regimes. Future LHCb and Belle II upgrades will tighten these bounds by another factor of 2–3, probing even higher new-physics scales in scalar-mediated scenarios.","LHCb, CMS, and ATLAS have measured BR(B_s^0 -> mu^+ mu^-) to approximately 10% precision and found it consistent with the Standard Model within 1-2 sigma.",VERIFIED_FALSE,"ATLAS's measured BR(B_s^0→μ^+μ^-) has uncertainty ~25% (2.8 +0.8 −0.7 ×10^−9), so the claim that LHCb, CMS, and ATLAS have measured it to ~10% precision is incorrect; the experiments do report values consistent with the SM within ~1–2σ, but the stated ~10% precision is contradicted by published uncertainties (e.g. ATLAS).",LHCb CMS ATLAS measurement Bs to mu mu branching fraction precision consistency with Standard Model combined result,"https://atlas.cern/updates/briefing/new-atlas-result-ultra-rare-b-meson-decay-muon-pair (ATLAS result, 25 Sep 2018) | https://arxiv.org/pdf/2212.10311 (decay properties and search for the B0→μ+μ−, referenced in search snippets)"
seed153,"How do precise measurements of rare B meson decays into muon pairs constrain physics beyond the Standard Model, and which classes of new-physics models are most strongly affected?","**Rare \(B_{s,d} \to \mu^+\mu^-\) decays** are among the cleanest probes of physics beyond the Standard Model (BSM) because they are helicity- and loop-suppressed FCNCs in the SM. The dominant SM contribution arises from \(W\)-top box diagrams, yielding the effective operator
\[
\mathcal{O}_{10} = (\bar s \gamma^\mu P_L b)(\bar\mu\gamma_\mu\gamma_5\mu)
\]
with a small scalar admixture from the Yukawa sector. The SM branching fractions are
\[
\mathcal{B}(B_s\to\mu^+\mu^-)\simeq(3.24\pm0.18)\times10^{-9},\qquad
\mathcal{B}(B_d\to\mu^+\mu^-)\simeq(1.02\pm0.07)\times10^{-10}.
\]
LHCb, CMS and ATLAS measurements (combined precision \(\sim15\%\) for \(B_s\)) agree with these values within \(\sim1\sigma\), leaving little room for new contributions.

### Constraints from precise measurements
In the weak effective theory the decay rate receives additive contributions from the Wilson coefficients
\[
C_{10},\quad C_S,\quad C_P
\]
(and their chirality-flipped counterparts). Because the SM value of \(C_S\) and \(C_P\) is \(\mathcal{O}(m_\mu/m_b)\), any BSM scalar or pseudoscalar operator is highly amplified relative to its coefficient. Current limits translate into
\[
|C_S|\lesssim0.3,\qquad |C_P|\lesssim0.3
\]
(at the \(b\)-quark scale), pushing the scale of any new scalar mediator above several TeV for \(\mathcal{O}(1)\) couplings. The axial-vector coefficient \(C_{10}\) is constrained at the \(\sim10\%\) level, complementary to angular observables in \(b\to s\ell\ell\) transitions.

Hadronic uncertainties are minimal: the only non-perturbative input is the \(B\)-meson decay constant \(f_B\), known to \(\sim1\%\) from lattice QCD, and the ratio of branching fractions further cancels CKM and lifetime factors. This cleanliness converts a 15% branching-fraction measurement into multi-TeV bounds on BSM scales.

### Classes of models most strongly affected
- **Two-Higgs-doublet models (2HDM) and SUSY at large \(\tan\beta\)**: Neutral Higgs exchange generates scalar operators whose contribution scales as \(\tan^3\beta\) (or \(\tan^6\beta\) after resummation). The measured rates exclude \(\tan\beta\gtrsim30\)–50 for charged-Higgs masses below \(\sim1\) TeV in type-II scenarios and similarly constrain the MSSM parameter space with large \(\mu\tan\beta\).
- **Leptoquark models**: Both scalar and vector leptoquarks can mediate the decay at tree level. The absence of a rate enhancement rules out \(\mathcal{O}(1)\) couplings for masses below \(\sim2\)–3 TeV, especially for representations that couple simultaneously to \(b\mu\) and \(s\mu\).
- **Flavour-violating \(Z'\) bosons**: Tree-level \(Z'\) exchange modifies \(C_{10}\) (and \(C_9\)) with generation-dependent couplings. The \(B_s\) result limits the product of \(b\)-\(s\) and muon couplings, excluding \(Z'\) masses below several TeV unless couplings are hierarchical or aligned with the SM.
- **Composite or partial-compositeness scenarios**: These typically induce both modified \(Z\) penguins and scalar operators; the clean \(B_s\) observable provides one of the strongest limits on the compositeness scale in the down-quark sector.

In short, the agreement of the measured branching fractions with SM predictions at the 15% level excludes or severely restricts any BSM scenario that generates sizable scalar/pseudoscalar operators or large shifts in \(C_{10}\), with the strongest impact on extended Higgs sectors, leptoquarks, and flavour-violating \(Z'\) models.","The dominant Standard Model contribution to Bs,d -> mu+ mu- arises from W-top box diagrams.",VERIFIED_FALSE,"Standard SM references state that B_{s,d}→μ+μ− is induced by both Z^0-penguin and W–top box diagrams (the short-distance function Y(x_t) contains both contributions); the dominant short-distance contribution to the axial-vector Wilson coefficient C10 comes from the Z-penguin/top loop, not from box diagrams alone.",Standard Model Bs to mu mu dominant contribution W top box penguin B_s->mu+mu- review 2000 2010,"A. J. Buras et al., “On the Standard Model prediction for B(B_{s,d}→μ^+μ^−)”, Eur. Phys. J. C72 (2012) 2172, arXiv:1208.0934 | G. Buchalla, A. J. Buras and M. E. Lautenbacher, “Weak decays beyond leading logarithms”, Rev. Mod. Phys. 68 (1996) 1125–1144, arXiv:hep-ph/9512380"
seed159,What are the practical advantages and limitations of using high-power LEDs instead of lasers for fluorescence-based pressure measurements in high-pressure apparatus like diamond anvil cells?,"**Advantages of high-power LEDs vs. lasers for ruby (or similar) fluorescence pressure calibration in DACs:**

- **Cost and simplicity**: LEDs cost 10–100× less than a comparable 532 nm DPSS or diode laser and require only a simple constant-current driver plus basic heat sinking, eliminating laser controllers, fiber coupling hardware, and interlocks.
- **Safety and regulatory overhead**: Incoherent output removes Class 3B/4 laser eye-safety requirements, alignment hazards, and institutional laser-use protocols—useful for shared or teaching-lab facilities.
- **Compact integration**: Small emitter packages (e.g., 5–10 W green LEDs) fit easily into microscope ports, DAC holders, or portable probe heads; no bulky laser head or vibration isolation is needed.
- **Sufficient excitation for routine work**: Modern phosphor-converted or direct green LEDs deliver >1 W optical power in the 520–540 nm ruby absorption band. When imaged through a 10–20× objective or coupled into a 200 µm fiber, they readily produce detectable R1/R2 fluorescence from a 10–50 µm ruby chip at pressures up to ~50–60 GPa, adequate for most everyday DAC calibrations.
- **Lower coherence artifacts**: Absence of speckle and interference fringes yields spatially uniform illumination across the gasket hole, simplifying imaging or multi-chamber measurements.

**Limitations (often decisive in practice):**

- **Brightness / étendue mismatch**: LEDs have large emitting areas (~1 mm²) and wide emission angles (~120°). Even with high-NA optics the focused spot in the DAC is typically 50–200 µm with modest intensity (a few W cm⁻²), whereas a laser can be focused to <5 µm at >10 kW cm⁻². This restricts use to larger sample chambers or lower pressures where signal-to-noise is not critical.
- **Spectral bandwidth**: 30–50 nm FWHM output overlaps the ruby R-lines and requires aggressive filtering (long-pass or notch filters with OD >6) to suppress excitation bleed-through into the spectrometer. Residual background can degrade line-center precision, especially above 30 GPa where ruby linewidth broadens.
- **Thermal and drive issues**: High-power LEDs must be actively cooled; junction temperature drift shifts peak wavelength by ~0.1–0.2 nm °C⁻¹ and reduces output, necessitating feedback or frequent recalibration of excitation intensity.
- **Power scaling ceiling**: Once the LED is already run near its thermal limit, further intensity gains require larger optics or multiple emitters, quickly becoming bulkier and more expensive than simply using a modest laser.
- **Polarization and mode control**: Lasers can be polarized or mode-locked for specialized time-resolved or polarized-fluorescence variants; LEDs offer no such flexibility.

In short, LEDs are attractive for low-cost, low-pressure, or educational DAC setups where chamber size is not microscopic and ultimate precision is unnecessary. For sub-10 µm samples, pressures >60 GPa, or metrology-grade line-shift measurements, the superior brightness, spectral purity, and focusing ability of lasers remain the practical choice.",LEDs require only a simple constant-current driver plus basic heat sinking,VERIFIED_FALSE,"Manufacturer/application-note evidence shows that while a constant-current driver is the recommended basic drive method, high‑power LEDs require additional thermal and driver considerations (switching drivers, careful power/heat dissipation, and sometimes active cooling) beyond “only a simple constant‑current driver plus basic heat sinking.”",LED driving requirements constant current driver heat sinking basics application note driver vs resistor thermal management LEDs,https://www.ledsupply.com/blog/constant-current-led-drivers-vs-constant-voltage-led-drivers/?srsltid=AfmBOopNHSVkegJPauiXQvAV9eU_NGNEX_yWIpA9bte4Ll2KZ22cwlVO | https://www.microtype.io/blog/advanced-led-driver-circuit-design
seed160,"How could structured or polarized water transmit or store electromagnetic patterns produced by biomolecules so that other biomolecules could recognize those patterns, and what physical mechanisms and experimental evidence support this idea?","**Proposed mechanisms in fringe biophysics**

Hypotheses for water-mediated electromagnetic (EM) pattern transfer—often linked to “water memory,” coherent domains, or Pollack’s exclusion-zone (EZ) water—typically invoke these steps:

- Biomolecules (DNA, proteins) generate weak EM fields or oscillating dipoles through vibrational modes, charge oscillations, or nonlinear dynamics. These fields are hypothesized to lie in the kHz–MHz or low-GHz range.
- Surrounding water dipoles align into polarized layers, clathrate-like cages, or extended hydrogen-bond networks. In quantum-electrodynamic (QED) models (Preparata, Del Giudice), water forms coherent domains where collective oscillations allow superradiant emission/absorption, effectively imprinting the source frequency onto the water’s dielectric response.
- The structured water is said to propagate or store the pattern via long-range dipole correlations or soliton-like excitations, transmitting it to a distant biomolecule whose own resonance matches the imprinted frequency, lowering the energy barrier for specific binding or conformational change.
- In some formulations, serial dilution plus succussion (as in homeopathy) or electromagnetic exposure “imprints” the pattern into nanobubbles, silica nanoparticles, or residual EZ layers that persist after the original solute is removed.

These ideas rely on assumptions of metastable coherence times far longer than the picosecond-scale hydrogen-bond lifetimes measured by ultrafast spectroscopy and molecular dynamics.

**Physical constraints and mainstream assessment**

Liquid water at physiological temperatures exhibits rapid structural relaxation (~0.1–10 ps). Any polarization or cluster induced by a solute dissipates on that timescale; no stable, long-range “memory” of a specific EM spectrum survives thermal fluctuations or diffusion. QED coherent-domain models predict domain sizes and lifetimes incompatible with observed dielectric spectra and neutron scattering data. NMR, terahertz spectroscopy, and calorimetry show no persistent frequency-specific structures capable of selective molecular recognition once the original emitter is absent.

**Experimental claims and their status**

- Luc Montagnier’s group reported detection of low-frequency EM signals from highly diluted bacterial or viral DNA filtrates, claiming the signals could be “transmitted” to pure water and subsequently used to synthesize the original DNA sequence via PCR. These results have not been independently replicated under controlled conditions; critics cite possible contamination, electrode artifacts, or instrumental noise.
- Jacques Benveniste’s earlier “digital biology” experiments (EM signals from antigen solutions) similarly failed rigorous replication and were attributed to methodological flaws.
- Gerald Pollack’s EZ-water observations demonstrate charge separation and structured layers near hydrophilic surfaces, but these are equilibrium phenomena driven by incident light or ions, not frequency-specific storage or inter-molecular signaling between biomolecules.
- Claims involving homeopathic dilutions or “imprinted” water consistently show no effect beyond placebo in blinded clinical or biochemical assays once proper controls for contaminants and expectation bias are applied.

No peer-reviewed study has demonstrated that a biomolecule can selectively recognize another via an EM pattern stored in bulk or interfacial water after removal of the source molecule, under conditions that exclude conventional diffusion, ligand binding, or contamination.

In summary, while coherent water structures and interfacial polarization exist as short-lived physical phenomena, the specific mechanism required for stable, frequency-selective pattern storage and biomolecular recognition lacks both a viable physical model consistent with water’s known dynamics and reproducible experimental support. Standard molecular recognition proceeds through direct steric, electrostatic, and hydrophobic interactions, not through persistent EM templates in water.",Any polarization or cluster induced by a solute dissipates on the picosecond timescale.,VERIFIED_FALSE,"Ultrafast spectroscopy and solvation studies report relaxation components that extend well beyond picoseconds (e.g., ~0.5 ns and nanosecond-range components), so the absolute claim that any solute-induced polarization or cluster always dissipates on the picosecond timescale is contradicted by observed slower dynamics.",solute induced polarization cluster relaxation picosecond timescale solvation dynamics review | solvation relaxation timescales polarization cluster induced by solute picosecond versus slower components review ultrafast solvation dynamics,"Slow solvation dynamics beyond dielectric relaxation by three-pulse ... (J. Chem. Phys., 2023) — https://pubs.aip.org/aip/jcp/article/159/6/064508/2905848/Slow-solvation-dynamics-beyond-dielectric | Ultrafast dynamics of solvation: the story so far (review, SciELO, 2010) — https://www.scielo.br/j/jbchs/a/yM4TknyBf97GjNxmfrwysym/?lang=en"
seed161,"How does cholesterol accumulation within phagocytes affect inflammation and scar formation after nervous system injury, and what strategies could be used to promote cholesterol clearance to improve healing?","**Cholesterol accumulation in phagocytes after nervous system injury drives persistent inflammation and maladaptive scarring, while targeted clearance strategies can promote resolution and repair.**

After CNS trauma (e.g., spinal cord injury or traumatic brain injury), myelin debris—highly enriched in cholesterol—is phagocytosed by microglia and infiltrating macrophages. These phagocytes become lipid-laden “foamy” cells because myelin cholesterol overwhelms efflux pathways (primarily ABCA1/ABCG1 transporters). Excess free cholesterol crystallizes or incorporates into membranes, triggering:

- **Inflammasome activation** (NLRP3 and AIM2 pathways), leading to IL-1β/IL-18 release and a sustained pro-inflammatory (M1-like) phenotype.
- **Impaired phagocytosis resolution**: Overloaded cells down-regulate MerTK and other eat-me signals, leaving uncleared debris that perpetuates damage-associated molecular pattern signaling.
- **Metabolic reprogramming**: Cholesterol buildup suppresses PPARγ and LXR signaling, blocking the switch to pro-resolving (M2-like) macrophages that produce IL-10, TGF-β, and growth factors.

This chronic inflammatory milieu amplifies secondary tissue loss and recruits fibroblasts/pericytes that deposit dense extracellular matrix (fibronectin, collagen, chondroitin sulfate proteoglycans). The resulting glial/fibrotic scar physically and chemically inhibits axon regeneration while further sequestering phagocytes in a non-resolving state. In peripheral nerve injury the effect is milder because Schwann cells and better cholesterol-handling macrophages allow faster clearance and less scarring.

**Clearance-promoting strategies** (supported by preclinical data):

- **LXR agonists** (e.g., GW3965, T0901317): Activate ABCA1/ABCG1 transcription, enhance cholesterol efflux to ApoA-I/HDL, reduce foam-cell formation, dampen NLRP3, and shift macrophages toward resolution. Systemic or local delivery after SCI improves functional recovery and reduces lesion volume/scar.
- **ApoE mimetics or reconstituted HDL particles**: Facilitate cholesterol transport; ApoE4 isoform is less efficient, explaining worse outcomes in certain genotypes.
- **Lysosomal enhancers or NPC1 modulators**: Improve intracellular cholesterol trafficking out of lysosomes, preventing crystal-induced inflammasome activation.
- **Combined anti-inflammatory + efflux therapy**: Pairing LXR agonists with CSF1R inhibitors or IL-1 receptor antagonists to first reduce macrophage influx then promote efflux in remaining cells.
- **Dietary/pharmacologic adjuncts**: High-density lipoprotein-raising agents or statins (with caution—dose-dependent effects on CNS repair) plus exercise, which up-regulates endogenous LXR targets.

These interventions are most effective when timed after the acute phagocytic wave (days 3–14 post-injury) to avoid interfering with initial debris clearance. Ongoing work focuses on nanoparticle-delivered LXR agonists or genetic targeting of ABCA1 in myeloid cells to minimize systemic side effects (hepatic steatosis from LXR activation). In summary, converting cholesterol-overloaded phagocytes from inflammatory drivers into resolving effectors reduces scar burden and creates a permissive environment for neural repair.","Cholesterol buildup suppresses PPARγ and LXR signaling, blocking the switch to pro-resolving macrophages that produce IL-10, TGF-β, and growth factors.",VERIFIED_FALSE,"Retrieved studies show that cholesterol/oxysterol loading often activates LXR (and can induce ABCA1/ABCG1) and that PPARγ–LXR pathways are engaged in cholesterol handling; reports do not support a general suppression of LXR by cholesterol accumulation and indicate variable/complex effects on PPARγ (not a clear, general suppression), so the claim that cholesterol buildup suppresses PPARγ and LXR signaling and thereby blocks the switch to pro-resolving macrophages is contradicted by the evidence.",cholesterol accumulation suppresses PPAR gamma LXR signaling macrophage pro-resolving IL-10 TGF-beta growth factors,A glimpse of the connection between PPARγ and macrophage - PMC (https://pmc.ncbi.nlm.nih.gov/articles/PMC10493289/) | Cholesterol loading suppresses the atheroinflammatory gene ... - Nature (https://www.nature.com/articles/s41598-021-84249-y) | Foam Cell Formation In Vivo Converts Macrophages to a Pro-Fibrotic Phenotype - PLoS ONE (title as cited in Nature article references)
seed165,"How do precise measurements of rare B meson decays into muon pairs constrain theories beyond the Standard Model, and which types of new-physics scenarios are most strongly affected?","Precise measurements of the rare decays \(B_s^0 \to \mu^+ \mu^-\) and \(B^0 \to \mu^+ \mu^-\) (branching fractions \(\sim 3 \times 10^{-9}\) and \(\sim 1 \times 10^{-10}\), respectively) provide powerful constraints on physics beyond the Standard Model because these processes are loop- and CKM-suppressed in the SM. They proceed via \(Z\)-penguin and box diagrams involving the top quark, yielding a precisely calculable SM branching fraction (including NLO QCD and QED corrections, plus lattice QCD inputs for the decay constants \(f_{B_s}\) and \(f_B\)). Any significant deviation signals new contributions to the effective operators \(\mathcal{O}_{10}\) (axial-vector), \(\mathcal{O}_S\) (scalar), and \(\mathcal{O}_P\) (pseudoscalar).

Current LHCb/CMS/ATLAS results are consistent with the SM at the \(\sim 10{-}20\%\) level. This directly bounds the Wilson coefficients: \(|C_{10}^{\rm NP}| \lesssim 0.5{-}1\) (depending on hadronic uncertainties) and, more stringently, \(|C_{S,P}^{\rm NP}| \lesssim 0.1{-}0.3\) at the \(b\)-quark scale. Because the SM amplitude is purely left-handed and helicity-suppressed (\(\propto m_\mu\)), even modest new-physics additions—especially right-handed or scalar/pseudoscalar operators—produce observable enhancements or suppressions. Time-dependent analyses further constrain the CP-violating phase and the effective lifetime, ruling out large imaginary parts in the amplitude.

The decays most strongly constrain scenarios that generate sizable scalar or pseudoscalar operators or tree-level flavor-changing neutral currents. These include:
- Two-Higgs-doublet models (especially Type-II or aligned 2HDM) at large \(\tan\beta\), where neutral Higgs exchange produces \(\propto \tan^3\beta\) enhancements.
- Supersymmetric models with large \(\tan\beta\) (minimal flavor violation or with squark mixing), where chargino or neutralino loops plus Higgs penguins are amplified.
- \(Z'\) or leptoquark models with tree-level \(b{-}s\) (or \(b{-}d\)) couplings to muons, which modify \(C_{10}\) or introduce right-handed currents.
- Composite or partial-compositeness scenarios that violate minimal flavor violation.

Models preserving minimal flavor violation or those generating only left-handed vector operators (e.g., many \(Z'\) realizations tuned to explain \(R_K\) anomalies) are less constrained and remain viable if their contributions stay below current bounds. Future sub-5% precision from LHCb Upgrade and Belle II will further tighten these limits or reveal deviations.",The branching fraction of B^0 -> mu^+ mu^- is approximately 1 x 10^-10.,VERIFIED_FALSE,"The CMS+LHCb combined measurement reports the B0 → μ+μ− branching fraction at the few ×10^−10 level (1σ interval [2.5, 5.6]×10^−10), so a value of ≈1×10^−10 is inconsistent with the measured result.",B0 to mu mu branching fraction measurement LHCb CMS ATLAS review paper,"Combination of CMS and LHCb results: Nature 522, 68–72 (2015) (https://www.nature.com/articles/nature14474)"
seed166,"How do precise measurements of rare B-meson decays to muon pairs constrain extensions of the Standard Model, and which classes of new-physics models are most tightly constrained by these results?","Precise measurements of the rare decays \(B_s^0 \to \mu^+ \mu^-\) and \(B^0 \to \mu^+ \mu^-\) (with branching fractions \(\mathcal{B}(B_s \to \mu\mu) \approx 3.0 \times 10^{-9}\) and \(\mathcal{B}(B_d \to \mu\mu) \approx 1.0 \times 10^{-10}\) in the SM) provide stringent tests of the Standard Model (SM) flavor sector. These flavor-changing neutral currents (FCNCs) are loop-suppressed in the SM, proceeding dominantly via \(W\)-top box and \(Z\)-penguin diagrams. The resulting effective Hamiltonian involves the semileptonic operators \(O_{10}\) (axial-vector) and, to a lesser extent, \(O_9\) (vector), with the branching fraction proportional to \(|C_{10}^{\rm SM}|^2\) (helicity-suppressed by \(m_\mu^2/m_B^2\)). Scalar/pseudoscalar operators \(O_S, O_P\) are negligible in the SM (\(C_{S,P}^{\rm SM} \sim m_\mu/m_W\)).

LHCb, CMS, and ATLAS measurements (combined precision now \(\sim 10\%\) for \(B_s\) and \(\sim 30\%\) for \(B_d\)) agree with SM predictions within uncertainties. Any observed deviation would signal new physics (NP) contributions to the Wilson coefficients \(C_9, C_{10}, C_S, C_P\) at a scale \(\Lambda \gtrsim\) few TeV. The \(B_s \to \mu\mu\) rate is especially sensitive to NP because:
- It isolates short-distance physics with minimal hadronic uncertainties (form factors cancel in the rate to good approximation).
- Scalar operators evade helicity suppression, allowing large enhancements.
- Angular observables and the ratio \(\mathcal{B}(B_s)/\mathcal{B}(B_d)\) further constrain the relative size of vector vs. scalar contributions and possible CP-violating phases.

These results most tightly constrain models featuring:
- **Extended Higgs sectors** (e.g., type-II two-Higgs-doublet models or the MSSM at large \(\tan\beta \gtrsim 30\)): Charged/neutral Higgs penguins generate sizable \(C_S, C_P \propto \tan^3\beta / m_{H^\pm}^2\), which are now excluded below \(\sim 1\)–2 TeV for generic flavor structures.
- **Z' bosons or leptoquarks** with tree-level or loop-induced \(b \to s \mu\mu\) couplings: These modify \(C_9, C_{10}\) (or introduce right-handed currents) and are bounded by the absence of rate enhancements or deviations in lepton-flavor-universality ratios.
- **Supersymmetric models** with non-minimal flavor violation or large \(\tan\beta\): Gluino/squark loops or Higgsino contributions are pushed to multi-TeV scales unless flavor alignments (e.g., minimal flavor violation) are imposed.

In contrast, models respecting minimal flavor violation or with heavy mediators (\(\Lambda \gg 10\) TeV) and no new scalar operators remain less constrained. Global fits combining these decays with \(b \to s \ell\ell\) angular data further tighten bounds on the NP scale in the 10–50 TeV range for generic couplings. Future LHCb Upgrade and Belle II data will probe even smaller deviations, potentially excluding additional parameter space in composite Higgs or extra-dimensional scenarios.",The branching fraction of B_s^0 -> mu^+ mu^- in the Standard Model is approximately 3.0 x 10^-9.,VERIFIED_FALSE,"Recent Standard Model predictions place the branching fraction nearer to 3.6×10^−9 (with small percent uncertainties), not ≈3.0×10^−9.",Standard Model prediction B_s to mu mu branching fraction 2010 2015 2018 review,https://pmc.ncbi.nlm.nih.gov/articles/PMC9872772/ (Review: Standard Model predictions for rare K and B decays) | https://inspirehep.net/literature/2804863 (Current Status of the Standard Model Prediction for the B_s)
seed186,"Why are precise measurements of rare decays like B_s→μ+μ− and B^0→μ+μ− particularly sensitive probes for physics beyond the Standard Model, and how do their branching fractions constrain new theories?","These rare decays \(B_s \to \mu^+\mu^-\) and \(B^0 \to \mu^+\mu^-\) proceed in the Standard Model (SM) only via electroweak loop (box and penguin) diagrams, making them highly suppressed: the predicted branching fractions are \(\mathcal{B}(B_s\to\mu^+\mu^-)\approx(3.24\pm0.18)\times10^{-9}\) and \(\mathcal{B}(B^0\to\mu^+\mu^-)\approx(1.0\pm0.1)\times10^{-10}\). Because the processes are flavor-changing neutral currents (FCNCs) and helicity-suppressed (\(\propto m_\mu^2\)), any new-physics (NP) contribution entering at the same loop order can produce an \(\mathcal{O}(1)\) relative shift even if the new particles are heavy.

The decays are theoretically clean. The hadronic matrix element reduces to a single, well-known decay constant (\(f_{B_s}\) or \(f_B\)) that is computed to few-percent precision on the lattice; there are no broad resonances or non-factorizable power corrections of the size that plague, e.g., \(B\to K^{(*)}\ell^+\ell^-\). Consequently, the SM predictions have small uncertainties, so a precise experimental measurement directly tests the short-distance Wilson coefficients \(C_{10}\), \(C_S\), and \(C_P\) that encode the \(\mu^+\mu^-\) effective interaction.

Current LHCb/CMS/ATLAS results (\(\mathcal{B}(B_s\to\mu^+\mu^-)=(3.01^{+0.35}_{-0.30})\times10^{-9}\), \(\mathcal{B}(B^0\to\mu^+\mu^-)<2.6\times10^{-10}\) at 95 % CL) lie within ~1–2\(\sigma\) of the SM. This agreement already excludes large regions of parameter space in concrete NP models:

- In the MSSM, the branching fraction scales as \(\tan^6\beta/m_A^4\) from the Higgs-penguin diagram; the data push \(m_A\gtrsim1\) TeV for \(\tan\beta\gtrsim30\).
- In \(Z'\) or leptoquark scenarios the shift \(\delta C_{10}\) or \(\delta C_S\) is bounded to \(|\delta C_{10}|\lesssim0.5\) (at the electroweak scale), ruling out couplings \(\gtrsim0.1\) for mediator masses below a few TeV.
- In effective-field-theory language the same measurements translate into limits on dimension-6 operators that are competitive with (and complementary to) direct LHC searches.

Future sub-5 % precision on both modes will further tighten these constraints and, because the two decays are related by CKM and SU(3) factors, will also test minimal flavor violation and possible lepton-flavor-universality violation.",The predicted branching fraction is B(B_s→μ+μ−) ≈ (3.24 ± 0.18) × 10^−9 in the Standard Model.,VERIFIED_FALSE,"A contemporary Standard-Model theory update (Buras et al. 2013) reports a different central value: (3.56 ± 0.18) × 10⁻⁹ for the time-integrated B_s → μ⁺μ⁻ branching ratio, which contradicts the claimed (3.24 ± 0.18) × 10⁻⁹.",Standard Model prediction B_s to mu mu 3.24 2010s Bobeth Buras 2013 2014 theory update,"A. J. Buras et al., ""Probing New Physics with the B_s to μ+ μ- Time-Dependent Rate,"" arXiv:1303.3820 (2013) — https://arxiv.org/abs/1303.3820"
seed187,"How do precise measurements of rare neutral B meson decays into muon pairs constrain extensions of the Standard Model, and which classes of new-physics models are most strongly affected by these results?","Precise measurements of the rare decays \(B_s^0 \to \mu^+\mu^-\) and \(B_d^0 \to \mu^+\mu^-\) (branching fractions \(\sim 3.0 \times 10^{-9}\) and \(\sim 1.0 \times 10^{-10}\) in the SM) tightly constrain SM extensions because these FCNC processes are loop- and helicity-suppressed. They proceed via \(Z\)-penguin and box diagrams, yielding an effective Hamiltonian dominated by the axial-vector operator \(O_{10} = (\bar s \gamma^\mu P_L b)(\bar\mu\gamma_\mu\gamma_5\mu)\). The branching fraction scales as \({\rm BR}(B_s\to\mu\mu) \propto |C_{10}^{\rm SM} + C_{10}^{\rm NP}|^2 + |C_S^{\rm NP}|^2 + |C_P^{\rm NP}|^2\) (with analogous but numerically smaller terms for \(B_d\)), where the scalar/pseudoscalar Wilson coefficients \(C_{S,P}\) arise only at higher order in the SM and are further suppressed by \(m_\mu^2/m_B^2\).

LHCb, CMS and ATLAS results (combined precision \(\sim 10\%\) on the \(B_s\) mode) therefore bound deviations in the Wilson coefficients at the few-percent level. In particular, any new-physics contribution that generates sizable \(C_S\) or \(C_P\) (via tree-level or loop exchange of new scalars) is excluded unless its couplings are finely tuned to cancel against the SM \(C_{10}\) piece or to respect the measured \(B_s\)–\(B_d\) ratio. Angular observables and the \(B_s\) effective lifetime further discriminate among operator structures, excluding broad classes of models that would otherwise enhance the rate by orders of magnitude.

The strongest exclusions occur in:
- Two-Higgs-doublet models (type-II or aligned) with large \(\tan\beta\), where neutral-Higgs exchange generates \(C_S \propto \tan^3\beta/m_H^2\);
- Minimal-flavor-violation or large-\(\tan\beta\) supersymmetric scenarios, similarly constrained by neutral-Higgs penguins;
- \(Z'\) or leptoquark models that induce tree-level flavor-changing couplings to muons, which are forced into narrow coupling/mass windows to remain compatible with both the branching fractions and other \(b\to s\ell\ell\) data.

In all cases the measured rates being SM-like push the new-physics scale above several TeV for order-one couplings, or require additional symmetries (e.g., minimal flavor violation or alignment) to suppress the new contributions.

Final answer: rare FCNC decays constrain NP via Wilson coeffs (esp. scalars); hit 2HDM/SUSY/large-tanβ & Z'/LQ models hardest","Precise measurements of the rare decays B_s^0 -> mu^+ mu^- and B_d^0 -> mu^+ mu^- have Standard-Model branching fractions approximately 3.0 x 10^-9 and approximately 1.0 x 10^-10, respectively.",VERIFIED_FALSE,"State-of-the-art Standard-Model predictions give BR(B_s^0→μ^+μ^-) ≃ 3.6×10^-9 and BR(B_d^0→μ^+μ^-) ≃ 1.06×10^-10, so the proposition's B_s value of ≃3.0×10^-9 is significantly below the established SM prediction.",LHCb CMS ATLAS measurements B_s to mu mu B_d to mu mu branching fraction Standard Model prediction review 2010 2015 2020 2022,"C. Bobeth et al., “Bs,d → l+ l- in the Standard Model with Reduced Theoretical Uncertainty,” arXiv:1311.0903 (published results quoting BR(B_s→μ^+μ^-) ≃ 3.65×10^-9 and BR(B_d→μ^+μ^-) ≃ 1.06×10^-10). https://arxiv.org/abs/1311.0903 | LHCb Collaboration (and reviews quoting SM values), e.g. LHCb measurements and summaries that cite SM predictions ≃3.6×10^-9 (B_s) and ≃1.06×10^-10 (B_d) in comparisons — see LHCb paper summaries and PDG review pages (see LHCb measurement papers and PDG review for numerical SM predictions). https://arxiv.org/abs/1703.05747 (LHCb measurement paper that compares to SM prediction)"
seed188,What practical strategies can be used when annotating and training datasets to handle rotated objects and orientation ambiguities for oriented object detection in remote sensing?,"**Annotation Strategies**

- **Define explicit, dataset-specific orientation rules upfront**: Establish a canonical convention before labeling begins. Common remote-sensing choices include:
  - “Long-edge” definition: the bounding-box angle \(\theta\) is always measured from the long side, restricted to \([-90^\circ, 90^\circ)\). This removes 180° flips for elongated objects (ships, aircraft, vehicles).
  - Head/tail or front/back rule: annotate so the arrow or angle vector points toward a semantically meaningful end (bow of a ship, nose of an aircraft, front of a vehicle). Provide visual examples and a decision tree for symmetric or low-resolution cases.
  - Quadrilateral (8-coordinate) fallback when objects are highly irregular; convert to angle + width/height only after quality control.

- **Handle ambiguity with explicit flags or multi-annotator consensus**: Mark objects whose orientation is inherently ambiguous (e.g., square buildings, occluded vehicles) with a special “ignore-orientation” or “180°-symmetric” tag. During training these can be trained with a symmetric loss or simply excluded from angle regression. Require at least two annotators + adjudicator for any object whose angle differs by >15–20° between labelers.

- **Use rotation-aware labeling tools and post-processing**: Tools such as LabelMe, CVAT with rotated-rect plugins, or the DOTA annotation toolkit allow direct angle editing. After labeling, run a consistency script that normalizes angles to the chosen range and flags outliers.

**Training & Modeling Strategies**

- **Choose a representation that matches your annotation convention**:
  - Angle regression with periodicity handling: Circular Smooth Label (CSL) or Dense Coordinate Label (DCL) convert the angle into a classification or smoothed distribution, eliminating the \(-90^\circ/90^\circ\) discontinuity.
  - Vector or complex-number encoding (\(\cos\theta, \sin\theta\)) with an \(L_1\) or cosine-similarity loss; this is naturally 180°-periodic when combined with the long-edge rule.
  - Gaussian or Kalman-filter representations (e.g., GWD loss, KLD loss) that treat the box as an oriented ellipse; these are especially robust for ships and aircraft.

- **Loss design for remaining ambiguities**:
  - Use a periodic or wrapped loss (e.g., \(\min(|\Delta\theta|, 180^\circ-|\Delta\theta|)\)) or an explicit 180°-symmetry term when the object class is known to be symmetric.
  - Combine classification + regression: first predict a coarse angle bin, then refine with a small regression head; this stabilizes training on datasets with both well-defined and ambiguous orientations.

- **Data augmentation that preserves orientation semantics**:
  - Apply global image rotations only when you also rotate the ground-truth angles accordingly.
  - Add random 90°/180° flips selectively; for head/tail conventions, 180° flips require flipping the angle label or swapping head/tail.
  - Mix-up or mosaic augmentations should carry the oriented boxes through the geometric transform.

- **Evaluation and iteration**:
  - Report both mAP\(_{50}\) (OBB) and a stricter mAP\(_{75}\) together with an “orientation error” metric (median angular deviation on correctly localized boxes).
  - If a class shows high angular variance on validation, revisit the annotation guideline or switch to a symmetry-aware loss rather than collecting more data.

These practices—clear long-edge or head/tail conventions at annotation time plus periodicity-aware losses and representations at training time—have become standard on benchmarks such as DOTA, HRSC2016, and FAIR1M and consistently improve both label consistency and final detector accuracy.","The long-edge definition measures the bounding-box angle θ from the long side and restricts it to [-90°, 90°).",VERIFIED_FALSE,"The Ultralytics documentation explicitly defines the long-edge canonicalization with the angle stored in [-π/4, 3π/4) (i.e. [-45°, 135°)), contradicting the claimed [-90°, 90°) restriction.",long-edge definition bounding-box angle long side restrict angle range bounding box angle definition long edge,Oriented Bounding Boxes Object Detection - Ultralytics YOLO (https://docs.ultralytics.com/tasks/obb)
seed190,"Can dual-task assessments reliably detect executive function deficits in children with ADHD, and are paper-and-pencil versions as valid as computerized tests for this purpose?","**Yes, dual-task assessments can reliably detect executive function (EF) deficits in children with ADHD in many research and clinical contexts, though with important caveats on reliability and specificity.** 

Children with ADHD frequently show impairments in divided attention, interference control, and resource allocation—core aspects of EF tied to prefrontal and frontostriatal networks. Dual-task paradigms (e.g., performing a primary working-memory or inhibitory task while simultaneously handling a secondary motor or perceptual load) reliably elicit larger performance decrements in ADHD groups versus typically developing peers. Meta-analytic and experimental evidence (e.g., from paradigms like concurrent n-back + tapping, or auditory-visual dual tasks) shows moderate-to-large effect sizes for group differences, often exceeding those on single-task measures alone. These deficits align with theoretical models emphasizing inefficient attentional resource management rather than a simple capacity reduction.

Reliability metrics are generally acceptable but not uniformly excellent:
- Internal consistency and convergent validity with other EF measures (e.g., working-memory span, Stroop interference) are often good (Cronbach’s α > .70 in well-designed batteries).
- Test-retest reliability can be adequate over short intervals but is vulnerable to practice effects, fatigue, and motivational fluctuations common in ADHD.
- Sensitivity is higher when tasks are calibrated to individual capacity (e.g., adaptive difficulty) and when both accuracy and reaction-time costs are scored. However, dual-task costs are not pathognomonic for ADHD; they overlap with other neurodevelopmental conditions and can be influenced by comorbidities (e.g., anxiety, learning disorders) or stimulant medication status. Thus, they are best used as part of a multi-method battery rather than in isolation.

**Paper-and-pencil versions are generally less valid and precise than computerized equivalents for dual-task assessment, though they retain clinical utility when resources are limited.** 

Computerized dual-task tests offer millisecond-level timing, automated randomization of stimuli, precise measurement of dual-task costs (e.g., ΔRT or error-rate increments), reduced administrator variance, and easier integration of adaptive algorithms. These features enhance construct validity for EF components that rely on rapid attentional switching. Standardized computerized batteries (e.g., variants of the Test of Everyday Attention for Children or custom dual n-back protocols) show stronger correlations with neuroimaging markers of prefrontal activation and better discrimination of ADHD subtypes.

Paper-and-pencil analogs (e.g., oral arithmetic while performing a motor sequence, or modified Trail-Making with concurrent tapping) can detect gross impairments and correlate moderately with computerized versions (r ≈ .50–.70 in equivalence studies). However, they sacrifice temporal precision, are more susceptible to scoring subjectivity and ceiling/floor effects, and are harder to standardize across examiners. Validity is therefore lower for fine-grained EF quantification, though they remain practical for screening or low-tech settings and can still correlate with real-world functional outcomes when combined with behavioral observations.

In summary, dual-task methods are a useful, evidence-supported tool for identifying EF weaknesses in pediatric ADHD, with computerized formats preferred for higher psychometric rigor. Clinical interpretation should integrate multiple measures, developmental norms, and contextual factors; consultation with a qualified neuropsychologist is recommended for individual assessment.",Dual-task assessments can reliably detect executive function deficits in children with ADHD in many research and clinical contexts.,VERIFIED_FALSE,"Systematic reviews and empirical studies report contradictory findings for dual-task/divided-attention paradigms in ADHD and note that many clinical tests lack sensitivity for the subtle EF deficits in ADHD, contradicting the claim that dual-task assessments reliably detect EF deficits across many contexts.",dual task assessments executive function ADHD children reliability clinical research,"Differences in Executive Functioning in Children with ADHD (Frontiers in Psychology, 2017) - https://www.frontiersin.org/journals/psychology/articles/10.3389/fpsyg.2017.00976/full | Executive Functioning Heterogeneity in Pediatric ADHD (Kofler et al., 2019) - https://pmc.ncbi.nlm.nih.gov/articles/PMC6204311/"
seed193,"How do precise measurements of rare B meson decays to muon pairs constrain physics beyond the Standard Model, and which types of new-physics models are most strongly affected by these constraints?","Rare \(B\) meson decays such as \(B_s^0\to\mu^+\mu^-\) and \(B_d^0\to\mu^+\mu^-\) are flavor-changing neutral-current processes that are forbidden at tree level in the Standard Model (SM). They proceed only via electroweak loop (penguin and box) diagrams, yielding highly suppressed branching fractions:
\[
\mathcal{B}(B_s\to\mu\mu)_{\rm SM}\approx(3.23\pm0.17)\times10^{-9},\qquad\mathcal{B}(B_d\to\mu\mu)_{\rm SM}\approx(1.02\pm0.07)\times10^{-10}.
\]
Because the SM amplitude is both loop- and GIM-suppressed, any new-physics (NP) contribution entering at the same perturbative order—or, more dramatically, at tree level—can produce an observable deviation. Precise measurements (LHCb + CMS combination, \(\sim5\sigma\) observation for \(B_s\) and \(\sim2\sigma\) evidence for \(B_d\)) therefore translate directly into tight limits on the underlying effective operators.

In the language of the weak effective theory the decay is governed by the Wilson coefficients of the operators
\[
\mathcal{O}_{10}=(\bar s\gamma^\mu P_L b)(\bar\mu\gamma_\mu\gamma_5\mu),\qquad
\mathcal{O}_S=(\bar s P_R b)(\bar\mu\mu),\qquad
\mathcal{O}_P=(\bar s P_R b)(\bar\mu\gamma_5\mu).
\]
The SM contributes almost exclusively to \(C_{10}\). NP can modify \(C_{10}\) (axial-vector currents) or generate sizable \(C_S,C_P\) (scalar/pseudoscalar currents). Because the branching fraction scales as
\[
\mathcal{B}\propto|C_{10}^{\rm eff}|^2+|C_S|^2+|C_P|^2,
\]
even modest NP shifts are visible once experimental precision reaches \(\sim10\%\) (current level for \(B_s\)).

**Models most strongly constrained**

- **Supersymmetry at large \(\tan\beta\)**: Neutral-Higgs exchange generates scalar/pseudoscalar operators whose contribution grows as \(\tan^6\beta/m_A^4\). Present data exclude large regions of parameter space with \(\tan\beta\gtrsim30\) and \(m_A\lesssim1\) TeV in minimal-flavor-violation scenarios.
- **Two-Higgs-doublet models (types II, III, and aligned)**: Tree-level or loop-induced flavor-changing neutral currents from the extended Higgs sector produce analogous scalar operators; the same \(\tan\beta\)-enhanced bounds apply.
- **Leptoquark models**: Both scalar and vector leptoquarks can mediate the decay at tree level, directly affecting \(C_{10}\) or generating \(C_S,C_P\). Muon-specific leptoquarks are now forced to multi-TeV scales or to extremely small couplings.
- **\(Z'\) bosons with flavor-violating couplings**: A \(Z'\) that couples differently to \(b,s\) and to muons shifts \(C_{10}\) (and possibly \(C_9\)) at tree level; the measured rate limits the product of the relevant couplings to \(\lesssim10^{-3}\) for \(M_{Z'}\sim1\) TeV.

In contrast, models that generate only left-handed vector currents (e.g., certain composite-Higgs or Randall-Sundrum scenarios) are less constrained because they can be partially absorbed into a redefinition of \(C_{10}\) that still respects the observed rate. Future improvements in both branching-fraction precision and the \(B_d/B_s\) ratio will further discriminate among these scenarios by probing the chiral and flavor structure of the NP amplitude.",The LHCb + CMS combination gives approximately a 5 sigma observation for B_s -> mu mu and approximately a 2 sigma evidence for B_d -> mu mu.,VERIFIED_FALSE,"The CMS+LHCb combined analysis (arXiv:1411.4413 / Nature 2015) reports the B_s→μ+μ− decay observed with a statistical significance exceeding six standard deviations and evidence for B^0→μ+μ− at three standard deviations, which contradicts the claim of ≈5σ (B_s) and ≈2σ (B_d).",LHCb CMS combined result Bs mu mu Bd mu mu significance combined analysis 2014 2015 2017,"Observation of the rare $B^0_s\to\mu^+\mu^-$ decay from the combined analysis of CMS and LHCb data, arXiv:1411.4413 (https://arxiv.org/pdf/1411.4413) | Nature 522, 68–72 (2015), DOI: 10.1038/nature14474 (combined CMS and LHCb result)"
seed207,"What practical strategies can statistical agencies use to detect, monitor, and mitigate the effects of changes in external data sources on machine-learning models and published statistics?","**Practical strategies for statistical agencies**

Statistical agencies increasingly rely on external data sources (administrative records, commercial transactions, web-scraped prices, satellite imagery, mobile-phone data, etc.). These sources can change abruptly because of policy reforms, platform redesigns, sensor replacements, or vendor decisions. The following strategies address detection, monitoring, and mitigation in a production statistical environment.

### 1. Detection of changes
- **Automated data-profile monitoring**  
  Maintain a lightweight “data fingerprint” for every external feed: marginal distributions, missingness patterns, category cardinalities, unit identifiers, and record-length statistics. Run daily or weekly Kolmogorov–Smirnov, chi-squared, or PSI (population stability index) tests against a rolling historical window. Flag deviations above pre-defined thresholds.

- **Change-point and concept-drift detectors**  
  Deploy lightweight statistical process-control charts (CUSUM, EWMA) or online change-point algorithms (e.g., PELT, BOCPD) on key aggregates (means, quantiles, correlations). For ML pipelines, monitor both input features and model outputs (prediction drift, residual drift).

- **Metadata and provenance alerts**  
  Require data suppliers to publish machine-readable change logs (schema versions, coverage notes, collection-rule updates). Subscribe to these feeds and trigger alerts when a new version appears. Supplement with periodic “mystery shopping” or web-scraping audits to catch unannounced changes.

- **Multi-source triangulation**  
  Compare the suspect source against one or two independent proxies (e.g., a small survey or another administrative register). Statistically significant divergence is a strong signal that the primary source has shifted.

### 2. Monitoring and governance
- **Version-controlled data pipelines**  
  Treat every external dataset as a versioned artifact (Git-LFS, DVC, or internal data lake with immutable snapshots). Record exact extraction dates, filters, and transformations so any published statistic can be exactly reproduced.

- **Tiered alert system**  
  - Level 1: automated e-mail/Slack to data engineers.  
  - Level 2: statistical review within 24–48 h.  
  - Level 3: methodological escalation and possible publication hold.  
  Pre-define thresholds and escalation paths to avoid alert fatigue.

- **Regular “data source health” dashboards**  
  Publish internal dashboards showing coverage rates, latency, and stability metrics. Review them at monthly quality-committee meetings.

- **Supplier relationship management**  
  Establish service-level agreements (SLAs) that mandate advance notice of methodological changes and provide test files before production rollout.

### 3. Mitigation and resilience
- **Adaptive preprocessing layers**  
  Insert a configurable “harmonization” step that normalizes units, imputes missing values, or recodes categories according to documented rules. When a change is detected, update only the harmonization rules while keeping the downstream model or estimation procedure stable.

- **Model and estimator robustness**  
  - Use techniques that are less sensitive to distribution shift: robust loss functions, regularization, or domain-adaptation layers.  
  - Maintain an ensemble that blends the external source with a more stable (but possibly less timely) survey or register; re-weight dynamically when drift is detected.  
  - For nowcasting or real-time indices, implement “circuit breakers” that automatically fall back to a slower but higher-quality source when external-data quality metrics breach thresholds.

- **Re-training and re-estimation protocols**  
  Schedule periodic re-calibration windows (quarterly or semi-annually). Use hold-out periods that straddle known change points to quantify bias introduced by the source change.

- **Transparency and revision policy**  
  Document every detected change and its estimated impact in methodological notes or “quality reports.” Apply transparent revisions to back-series when the change is material, and communicate clearly to users.

- **Diversification and contingency planning**  
  Maintain at least one backup data source or collection mode (e.g., a small targeted survey or web-scraping redundancy). Pre-authorize emergency collection budgets so the agency can switch rapidly if an external feed becomes unusable.

### Implementation checklist for agencies
1. Assign a “data-source owner” for each external feed.
2. Build automated profiling jobs that run on ingestion.
3. Create a central registry of known change points and their remediation actions.
4. Integrate drift metrics into existing quality frameworks (e.g., UN Fundamental Principles, Eurostat quality reports).
5. Conduct annual stress tests: deliberately inject synthetic changes and verify that detection and mitigation procedures work.

By combining automated statistical monitoring, strong supplier governance, and modular statistical pipelines, agencies can detect source changes quickly, limit their propagation into published statistics, and maintain public trust in the outputs.",Deploy online change-point algorithms such as PELT or BOCPD on key aggregates.,VERIFIED_FALSE,"BOCPD (BOCD) is an online changepoint method, but PELT is a retrospective/offline algorithm; the proposition groups PELT with online methods, which contradicts authoritative descriptions.",online change point detection PELT BOCPD tutorial paper implementation aggregates,"Adams, R. P. & MacKay, D. J. C. (2007). Bayesian Online Changepoint Detection. https://arxiv.org/abs/0710.3742 | Sesen.ai blog post 'Bayesian Online Changepoint Detection in Python' (discussion contrasting BOCD and PELT): https://sesen.ai/blog/bayesian-online-changepoint-detection"
seed208,"How do the orientation and twist of β-sheets affect circular dichroism spectra, and what practical approaches can be used during CD experiments to distinguish different β‑sheet arrangements?","**Orientation and twist effects on β-sheet CD spectra**

β-sheet CD arises primarily from excitonic coupling of the π→π* (∼190–200 nm) and n→π* (∼215–220 nm) transitions of the peptide backbone. In an idealized flat, infinite antiparallel sheet the coupling produces a characteristic spectrum: positive band ∼195–200 nm and negative band ∼215–218 nm. Real β-sheets deviate from this ideal in two key ways that alter the observed spectrum.

- **Orientation**: The transition-dipole moments lie roughly in the plane of the sheet and are aligned either parallel or perpendicular to the strand direction. In isotropic solution the spectrum is an orientational average. When sheets are macroscopically oriented (e.g., membrane-embedded barrels, stretched films, or aligned aggregates) the projection of these dipoles onto the light-propagation axis changes. This produces measurable changes in band intensity and, in some cases, sign flips or wavelength shifts of several nanometers. Parallel vs. antiparallel registry also modulates the relative strength of the two exciton components, typically making parallel sheets weaker and slightly red-shifted.

- **Twist**: Natural β-sheets are twisted (∼10–30° per residue). Twist rotates the amide planes, altering the relative angles between transition moments and therefore the magnitude and sign of the coupling matrix elements. The result is usually a red-shift of the long-wavelength negative band (to 218–225 nm) and a reduction in intensity of the short-wavelength positive band. Highly twisted or barrel-like sheets (e.g., in β-propellers or some amyloid fibrils) can even produce spectra that superficially resemble α-helices or random coils, complicating secondary-structure analysis.

**Practical experimental approaches to distinguish arrangements**

1. **Oriented-sample CD / linear dichroism (LD) coupling**  
   Deposit or align the protein on a quartz or CaF₂ window (Langmuir–Blodgett films, shear-flow cells, or magnetically aligned membranes). Record CD at normal incidence and at tilted angles; compare with the isotropic solution spectrum. Differences in the 195 nm / 217 nm intensity ratio or the appearance of a 230 nm shoulder are diagnostic of orientation and twist.

2. **Synchrotron-radiation CD (SRCD)**  
   SRCD extends the reliable wavelength range below 180 nm where the higher-energy exciton components of twisted sheets become visible. This improves discrimination between flat and highly twisted geometries and between parallel and antiparallel sheets.

3. **Temperature / solvent perturbation series**  
   Record thermal melts or titrate with TFE, urea, or pH. Parallel and antiparallel sheets, as well as twisted vs. flat sheets, often show distinct unfolding pathways and isosbestic points that can be tracked by singular-value decomposition of the CD matrix.

4. **Reference-set comparison and deconvolution**  
   Use basis spectra derived from proteins whose crystal structures show predominantly parallel, antiparallel, or twisted β-sheets (e.g., concanavalin A for twisted antiparallel, triose-phosphate isomerase for parallel). Modern algorithms (BeStSel, SELCON3 with custom reference sets) explicitly include twisted-sheet and orientation-sensitive components.

5. **Complementary orthogonal methods**  
   FTIR amide-I band shape (∼1630 cm⁻¹ antiparallel vs. ∼1625 cm⁻¹ parallel) or solid-state NMR torsion-angle measurements provide independent registry information that can be used to validate or constrain the CD interpretation.

Taken together, these approaches allow differentiation of parallel vs. antiparallel registry and of flat vs. twisted geometries even when the solution CD spectrum alone is ambiguous.",Natural β-sheets are twisted by approximately 10–30° per residue.,VERIFIED_FALSE,"Structure surveys report that β-strand twist in known protein structures ranges from close to 0° per residue up to about 30° per residue, so the blanket claim that natural β-sheets are twisted by approximately 10–30°/residue is too narrow and not generally true.",beta sheet twist per residue degrees protein structure textbook review,II. Basic Elements of Protein Structure - Kinemage (http://kinemage.biochem.duke.edu/teaching/anatax2b) | Revisiting the Explanations of the Beta-Sheet Twist and Its Handedness (https://pmc.ncbi.nlm.nih.gov/articles/PMC12940906/)
seed209,How does using lumped mass matrices with high-order spline-based discretizations affect the stability limits and allowable time step size in explicit dynamic simulations compared to consistent mass matrices?,"Lumped mass matrices (typically obtained via row-sum, nodal quadrature, or similar diagonalization techniques) relax the CFL-type stability limit in explicit time integrators (e.g., central-difference or explicit Newmark) relative to consistent mass matrices, thereby permitting larger stable time steps \(\Delta t_\text{crit}\). This effect is especially pronounced for high-order spline discretizations (B-splines/NURBS in isogeometric analysis) and can be summarized as follows.

The critical time step is governed by
\[
\Delta t_\text{crit}\le\frac{2}{\omega_\text{max}},
\]
where \(\omega_\text{max}=\sqrt{\lambda_\text{max}}\) is obtained from the discrete generalized eigenproblem
\[
\mathbf{K}\boldsymbol{\phi}=\lambda\mathbf{M}\boldsymbol{\phi}.
\]
For a consistent (non-diagonal) spline mass matrix \(\mathbf{M}\) of polynomial degree \(p\) and maximum continuity \(C^{p-1}\), the spectrum of \(\lambda_\text{max}\) grows rapidly with \(p\): the combination of high-order completeness and global smoothness produces eigenmodes whose frequencies scale roughly as \(O(p^4/h^2)\) in the highest modes. Consequently \(\Delta t_\text{crit}\) shrinks dramatically (often \(\propto h/p^2\) or worse), rendering explicit integration inefficient for large \(p\).

Diagonal (lumped) mass matrices alter the discrete spectrum in two beneficial ways:
- They eliminate the off-diagonal coupling that inflates the highest eigenvalues, typically reducing \(\omega_\text{max}\) by a factor of order \(p^2\).
- When the lumping is realized by row-sum or by a variationally consistent nodal quadrature that preserves the partition-of-unity property of the splines, the resulting \(\Delta t_\text{crit}\) recovers the more favorable scaling \(\propto h/p\) (or even becomes essentially independent of \(p\) for certain row-sum variants on uniform meshes).

Thus the allowable stable step size can increase by one to two orders of magnitude for \(p\ge4\) while the spatial operator \(\mathbf{K}\) remains unchanged. The trade-off is a modest degradation in dispersive accuracy; however, the stability gain dominates for explicit dynamics, making lumped-mass IGA competitive with, and sometimes superior to, low-order FEM with consistent mass.

In short, lumping converts the overly restrictive stability envelope of high-order consistent spline discretizations into a practical CFL bound whose dependence on \(p\) is far milder, directly enlarging the usable explicit time step.","For a consistent spline mass matrix M of polynomial degree p and maximum continuity C^{p-1}, the spectrum of lambda_max grows rapidly with p.",VERIFIED_FALSE,"Bioli (2025) reports that for the consistent mass matrix the largest eigenvalue scales at least as O(δ^{-2}) and is independent of the spline degree, contradicting the claim that λ_max grows rapidly with p.",spline mass matrix spectrum growth with polynomial degree high continuity C^{p-1} consistent mass matrix eigenvalue growth,"https://link.springer.com/article/10.1007/s10915-025-02990-2 (I. Bioli, 2025)"
seed224,How does jointly estimating the transmission map and atmospheric light within a deep learning framework improve single-image dehazing compared to estimating them separately or using purely data-driven approaches?,"**Joint estimation of the transmission map \( t(x) \) and atmospheric light \( A \) inside a deep network improves single-image dehazing by coupling the two unknowns through the atmospheric scattering model and optimizing them end-to-end with a physics-based reconstruction loss.** This yields measurably better fidelity, fewer artifacts, and stronger generalization than either (a) estimating \( t \) and \( A \) in separate stages or (b) training a purely data-driven “black-box” mapper.

### 1. Why separate estimation is fragile
The classic pipeline first recovers \( t(x) \) (often with a hand-crafted prior such as Dark Channel Prior) and then estimates a global \( A \) (often by the brightest pixels in the dark-channel map). Because the two quantities are algebraically coupled—errors in one directly bias the recovery of the other—small inaccuracies compound when the final clear image is synthesized:

\[
J(x) = \frac{I(x) - A(1-t(x))}{t(x)} + \epsilon
\]

Typical failure modes include:
- Over-estimated \( t \) in sky or bright regions → color distortion or haloing.
- Under-estimated \( A \) → residual haze or contrast loss.
- Inconsistent local statistics between \( t \) and \( A \) → spatially varying artifacts that cannot be corrected downstream.

### 2. How joint deep estimation mitigates these problems
A network (e.g., multi-branch CNN, encoder–decoder with two heads, or a conditional GAN) is trained to output both \( t \) and \( A \) simultaneously. The key ingredients are:

- **Shared feature backbone** – Early layers learn haze-relevant cues (depth, color attenuation, contrast) that are useful for both outputs, implicitly capturing statistical dependencies that separate estimators miss.
- **Physics-based reconstruction loss** – After the network predicts \( \hat{t} \) and \( \hat{A} \), the hazy image is re-synthesized via the scattering model and compared with the input:

\[
\mathcal{L}_{\text{recon}} = \| I - \bigl(\hat{J}\cdot\hat{t} + \hat{A}(1-\hat{t})\bigr) \|_1
\]

  This term forces the pair \( (\hat{t},\hat{A}) \) to be *mutually consistent*; any error in one immediately increases the reconstruction error and is back-propagated to both heads.
- **Auxiliary supervision** (optional but common) – Ground-truth \( t \) and \( A \) maps (synthetically generated) provide direct regression losses, further regularizing the solution space.
- **Uncertainty or attention weighting** – Some architectures modulate the loss according to local haze density, preventing the network from over-penalizing inherently ambiguous regions (e.g., sky).

Because gradients flow through both outputs at every iteration, the optimizer finds a *joint* minimum that respects the forward model rather than two independently optimal but incompatible solutions.

### 3. Advantages over purely data-driven end-to-end networks
Pure regression networks (e.g., early AOD-Net variants or simple U-Nets) map \( I \mapsto J \) without ever producing explicit \( t \) or \( A \). While they can achieve high PSNR on training distributions, they suffer from:

- Lack of inductive bias → poor extrapolation to unseen haze densities, lighting, or sensor characteristics.
- Hallucination of textures or colors that violate the scattering model.
- No interpretable intermediates for downstream tasks (depth, white-balance, etc.).

Joint physics-aware estimation retains the flexibility of deep feature learning while anchoring the solution to the known image-formation process. The resulting dehazed images therefore exhibit:
- Higher structural fidelity (SSIM) and lower perceptual error (LPIPS).
- Better preservation of high-frequency detail without over-sharpening.
- Improved robustness on real-world photographs where synthetic training data cannot perfectly match the test distribution.

### Empirical evidence (typical literature findings)
Methods that jointly regress \( t \) and \( A \) (e.g., DCPDN, GridDehazeNet with parameter heads, or recent transformer-based variants) consistently report 1–3 dB PSNR gains and visibly fewer color shifts compared with both classical two-stage pipelines and pure data-driven baselines on SOTS, HazeRD, and real-world datasets. Ablation studies that disable the joint reconstruction loss or decouple the heads show exactly the artifacts predicted by the error-propagation analysis above.

In short, joint estimation converts the classical ill-posed inverse problem into a well-regularized, physics-constrained learning task whose two outputs reinforce rather than undermine each other, delivering clearer, more faithful, and more generalizable dehazing than either separate classical estimation or unconstrained data-driven regression.",The classic pipeline first recovers t(x) often with a hand-crafted prior such as Dark Channel Prior and then estimates a global A often by the brightest pixels in the dark-channel map.,VERIFIED_FALSE,"The original Dark Channel Prior pipeline (He et al.) estimates the global atmospheric light A from the brightest pixels (top 0.1% in the dark channel) and then computes the transmission t(x) given that A; thus the claimed order (t first, then A) contradicts the established procedure.",He Sun Tang dark channel prior 2009 2011 dehazing atmospheric light transmission estimate brightest dark channel pixels,"Single Image Haze Removal using Dark Channel Prior — K. He, J. Sun, X. Tang (CVPR 2009 / TPAMI 2011): https://people.csail.mit.edu/publications/cvpr09.pdf | Single Image Dehazing based on Dark Channel Prior with Different Atmospheric Light (summary citing He et al.): https://pdfs.semanticscholar.org/b8df/b9f64c7a3a97931042af6ca0a18b47e73508.pdf"
seed230,"What are the practical challenges and limitations of deploying programmable metasurfaces in real-world wireless environments, including power, control, scalability, and maintenance?","Programmable metasurfaces (also called reconfigurable intelligent surfaces or RIS) face several practical hurdles when moving from lab prototypes to outdoor/indoor wireless deployments. Below is a breakdown focused on the areas you asked about, plus closely related constraints that often compound them.

### Power
- **Per-element consumption**: Most practical tuning mechanisms (PIN diodes, varactors, MEMS switches, or liquid-crystal cells) draw static bias current or require continuous voltage to hold a state. Even at ~0.1–1 mW per element, a 1 m² panel with 10 000 elements can easily exceed 10–50 W just for biasing—comparable to a small active antenna array.
- **Duty-cycle vs. always-on trade-off**: Turning elements off between reconfigurations saves power but introduces settling time (tens to hundreds of µs) and thermal drift, limiting use in high-mobility scenarios.
- **Energy delivery**: Running power cables to every surface is often impractical on building façades or lamp posts. Solar + supercapacitor or RF energy harvesting solutions exist but add cost, reduce aperture efficiency, and fail in low-light or shadowed locations. Battery replacement becomes a recurring OPEX item.
- **Heat dissipation**: Dense arrays generate localized heat that detunes resonances; passive cooling limits density and active cooling increases power draw further.

### Control and Signaling
- **Wiring and interconnect density**: Individual control of thousands of elements requires either a massive backplane (increasing thickness, weight, and cost) or a daisy-chained digital bus whose latency grows with panel size. Mutual coupling and trace losses become non-negligible above a few GHz.
- **Wireless control overhead**: Over-the-air configuration commands compete with user data for spectrum and create an extra control-plane latency (typically 1–10 ms today). In multi-panel deployments, synchronization across surfaces must be tighter than the coherence time of the channel.
- **Real-time optimization**: Finding the optimal phase/amplitude configuration for a dynamic multi-user environment is a non-convex, high-dimensional problem. Centralized solvers scale poorly; distributed or AI-based controllers still need fresh CSI, which itself consumes pilot resources.
- **Security and reliability**: A compromised controller can steer beams maliciously or create persistent nulls; firmware updates and authentication add further overhead.

### Scalability
- **Manufacturing yield and uniformity**: Large-area printing or PCB techniques suffer from element-to-element variation in capacitance, resonance, and loss; even 5–10 % deviation can destroy the intended wavefront shaping. Cost per square meter remains high (hundreds to thousands of USD) until roll-to-roll or metamaterial-ink processes mature.
- **Mutual coupling and edge effects**: As panel size grows, inter-element coupling changes the expected response, requiring per-panel calibration tables that become impractical to store or update.
- **Deployment geometry**: Walls, windows, and curved surfaces break the flat-phase assumption used in most algorithms. Adaptive tiling or conformal metasurfaces add mechanical complexity and further increase control wiring.
- **Frequency scaling**: Below ~6 GHz the required element spacing (~λ/2) makes panels physically large; above 100 GHz the fabrication tolerances become sub-millimeter and atmospheric absorption rises, limiting range.

### Maintenance and Reliability
- **Environmental degradation**: UV, rain, dust, and thermal cycling detune varactors and oxidize contacts. Outdoor panels typically need radomes or coatings that themselves alter the electromagnetic response and must be periodically cleaned or replaced.
- **Component lifetime**: PIN diodes and MEMS switches have finite cycle lives (10⁶–10⁸ operations); continuous reconfiguration in mobile networks accelerates wear-out. Mean-time-between-failure data for large arrays is still sparse.
- **Calibration drift**: Temperature swings, aging, and mechanical stress shift the voltage-to-phase mapping. Periodic over-the-air recalibration requires dedicated pilot time and may interrupt service.
- **Repair logistics**: Replacing a single failed element in a façade-mounted panel is labor-intensive; modular “tile” designs help but introduce seams that scatter energy and complicate phase continuity.

### Additional Cross-Cutting Limitations
- **Bandwidth**: Most metasurface designs are narrowband (<10–20 % fractional bandwidth); wideband or multi-band operation requires stacked or multi-resonant elements that increase thickness and loss.
- **Integration with legacy networks**: Current base stations lack native RIS control interfaces; standardization (3GPP, IEEE) is still nascent.
- **Regulatory and safety**: Beam steering can unintentionally increase localized exposure; compliance testing for large, reconfigurable apertures is not yet standardized.

Ongoing research directions—low-power phase-change materials (GST, VO₂), over-the-air wireless power transfer, AI-driven self-calibration, and tile-based modular architectures—are attempting to mitigate these issues, but none have yet reached the cost, reliability, and power envelope needed for ubiquitous outdoor deployment. In short, while the theoretical gains are attractive, the engineering overhead in power delivery, control infrastructure, large-area fabrication, and long-term maintenance remains the primary barrier to large-scale rollout.","At approximately 0.1–1 mW per element, a 1 m² panel with 10 000 elements can easily exceed 10–50 W for biasing.",VERIFIED_FALSE,"The arithmetic is wrong and empirical evidence shows per-channel bias power is typically much larger than 0.1–1 mW. 0.1–1 mW × 10,000 elements equals 1–10 W (not 10–50 W), and published phased-array analyses report per-channel consumption on the order of ~76–100+ mW, which for 10,000 elements would be on the order of kilowatts.",power per element milliwatt array panel elements biasing 1 m^2 10000 elements 0.1 to 1 mW per element power consumption,"https://wcsl.ece.ucsb.edu/sites/default/files/publications/revised_lowpowerphasedarrays.pdf (relevant excerpts showing per-channel consumption ≈76–100+ mW) | https://wcsl.ece.ucsb.edu/sites/default/files/publications/revised_lowpowerphasedarrays.pdf (statement about ""a few mW"" LO driver leading to ~80+ mW per channel)"
seed238,"How can computational methods and machine learning be used to identify, prioritize, and optimize bioactive compounds from complex plant extracts for drug development?","Computational methods and machine learning (ML) enable efficient navigation of the vast chemical space in plant extracts (often containing hundreds to thousands of compounds) by integrating omics data, predictive modeling, and iterative design. This reduces reliance on exhaustive wet-lab fractionation and screening. Below is a structured overview of their application across identification, prioritization, and optimization, grounded in current cheminformatics and AI practices.

### 1. Identification of Bioactive Compounds
Plant extracts are complex mixtures; computational dereplication and annotation accelerate compound detection without full isolation.

- **Spectral and Metabolomics Analysis**: Process LC-MS/MS or NMR data using molecular networking (e.g., GNPS platform) combined with ML classifiers. Graph neural networks (GNNs) or random forests predict structures from fragmentation patterns, matching against databases like PubChem, ChEMBL, or LOTUS (for natural products). Tools like SIRIUS or MS2DeepScore use deep learning to annotate unknowns with high confidence, even in untargeted metabolomics.
  
- **Genome/Metabolome Integration**: Link plant genomic/transcriptomic data (e.g., biosynthetic gene clusters) to metabolites via antiSMASH or ML-based prediction models (e.g., BiG-MAP). This prioritizes likely bioactive scaffolds like terpenoids or alkaloids.

- **Mixture Deconvolution**: Use non-negative matrix factorization or variational autoencoders (VAEs) on high-throughput screening (HTS) data to attribute bioactivity signals to specific molecular features in crude extracts.

These steps typically yield candidate structures with predicted molecular formulas and substructures, validated against known natural product libraries.

### 2. Prioritization of Promising Leads
Once candidates are annotated, ML ranks them for drug-like potential, focusing resources on high-value compounds.

- **Activity Prediction Models**: Train quantitative structure-activity relationship (QSAR) or quantitative structure-property relationship (QSPR) models on curated datasets (e.g., from ChEMBL or natural product-specific repositories). Graph convolutional networks (GCNs) or transformer-based architectures (e.g., ChemBERTa) predict bioactivity against targets like kinases or GPCRs. Ensemble methods (random forests + XGBoost) handle imbalanced data common in natural product screens.

- **Target Fishing and Polypharmacology**: Use similarity-based or ML-driven tools (e.g., SwissTargetPrediction, or deep learning models like DeepAffinity) to infer protein targets from compound structures. Network pharmacology integrates these with pathway databases (KEGG, STRING) to score multi-target potential, which is advantageous for plant-derived compounds often acting pleiotropically.

- **Multi-Objective Ranking**: Apply Pareto optimization or reinforcement learning to balance criteria: predicted potency (IC50/EC50), drug-likeness (Lipinski/Veber rules via RDKit descriptors), synthetic accessibility, and low predicted toxicity (e.g., via Tox21 ML models). Active learning loops—where models suggest a batch for experimental testing and retrain on results—efficiently refine rankings from initial extract HTS data.

- **ADMET and Developability Filters**: ML predictors (e.g., graph attention networks for solubility/permeability or ADMETlab) flag issues like poor bioavailability or CYP inhibition early, prioritizing compounds with favorable pharmacokinetics.

This phase often reduces thousands of features to dozens of prioritized hits, with confidence scores guiding follow-up isolation.

### 3. Optimization for Drug Development
For leads with initial promise, computational methods refine structures or generate analogs while retaining natural product advantages (e.g., structural complexity).

- **De Novo Design and Scaffold Hopping**: Generative models like VAEs, generative adversarial networks (GANs), or diffusion models (e.g., in DiffDock or REINVENT) create optimized derivatives. Conditioned on natural product scaffolds, they optimize for potency, selectivity, or reduced off-target effects while maintaining ""natural product-likeness"" via metrics like NP-likeness scores.

- **Molecular Docking and Dynamics**: Combine physics-based docking (AutoDock Vina, Glide) with ML-accelerated scoring (e.g., GNINA or EquiBind using equivariant neural networks) to predict binding poses against crystal structures or AlphaFold-predicted targets. Molecular dynamics simulations (enhanced by ML force fields) assess stability.

- **Iterative Lead Optimization**: Use Bayesian optimization or evolutionary algorithms coupled with surrogate ML models to suggest modifications (e.g., methylation or glycosylation tweaks common in plant compounds). Reinforcement learning agents maximize multi-parameter objectives, generating focused libraries for synthesis or semi-synthesis.

- **Synthetic Route Planning**: AI planners (e.g., Chematica or ASKCOS) propose feasible routes from plant-derived precursors, incorporating green chemistry constraints.

### Workflow Integration and Practical Considerations
- **End-to-End Pipelines**: Combine tools in platforms like KNIME, Pipeline Pilot, or open-source stacks (RDKit + PyTorch Geometric + scikit-learn). Start with extract HTS → feature annotation → ML scoring → virtual screening of analogs → experimental validation in closed-loop active learning.
- **Data Requirements**: Leverage public datasets (e.g., COCONUT for natural products, PDB for structures) and augment with transfer learning when labeled plant-specific data is scarce.
- **Challenges**: Handle uncertainty in predictions for novel scaffolds (via uncertainty quantification in Bayesian neural nets); address extract matrix effects; ensure models generalize beyond training biases toward synthetic drugs.
- **Examples in Practice**: ML has accelerated identification in projects on Artemisia or Cannabis extracts for anti-inflammatory leads, or prioritized withanolides from Withania somnifera via QSAR-docking hybrids.

These approaches can shorten timelines from years to months by focusing experiments, but they complement—not replace—wet-lab validation (bioassays, NMR confirmation, in vivo PK/PD). Collaboration with medicinal chemists ensures synthetic feasibility. For implementation, begin with open tools like those from the Open Force Field or DeepChem libraries.",SIRIUS and MS2DeepScore use deep learning to annotate unknowns in untargeted metabolomics.,VERIFIED_FALSE,"MS2DeepScore is explicitly a deep-learning method for predicting structural similarity from MS/MS spectra, but SIRIUS is described as a Java tool that uses fragmentation trees and kernel-based (multiple kernel learning) methods for metabolite identification rather than deep learning.",SIRIUS MS2DeepScore deep learning untargeted metabolomics paper author | SIRIUS metabolomics tool deep learning fragmentation trees annotation authors 2010 2020,MS2DeepScore: a novel deep learning similarity measure to ... — https://pmc.ncbi.nlm.nih.gov/articles/PMC8556919/ | SIRIUS documentation — https://boecker-lab.github.io/docs.sirius.github.io/ | sirius-ms/sirius (GitHub) and related publication: 'Metabolite Identification through Multiple Kernel Learning on Fragmentation Trees'
seed243,"What experimental methods can be used to determine whether protein aggregates in human neurodegenerative disease are stabilized mainly by hydrogen bonds (e.g., polar zippers) or by covalent cross-links (e.g., transglutaminase-mediated)?","**To distinguish hydrogen-bonded stabilization (e.g., polar zippers: Gln/Asn side-chain H-bonds in β-sheets) from covalent cross-links (e.g., transglutaminase-catalyzed Nε-(γ-glutamyl)lysine isopeptide bonds) in protein aggregates from neurodegenerative disease tissue or models, exploit differences in bond type: non-covalent H-bonds are reversible and disruptable by chaotropes/pH/temperature, while covalent bonds require specific cleavage or leave detectable signatures.**

Key experimental approaches, prioritized by directness and practicality:

- **Chaotrope/denaturant solubility assays**  
  Extract or purify aggregates (e.g., from postmortem brain, cell models, or recombinant fibrils), then incubate with high concentrations of urea (8 M) or guanidine HCl (6–8 M), optionally with pH extremes (e.g., pH 10–12) or mild heating. Centrifuge and quantify solubilized protein (SDS-PAGE, BCA assay, or immunoblot).  
  - Hydrogen-bonded aggregates (polar zippers) largely disassemble and become soluble.  
  - Covalently cross-linked material remains insoluble or shows persistent high-MW species.  
  Controls: compare to known amyloid (e.g., Aβ or polyQ) vs. TG-cross-linked controls; include reducing agents (DTT/TCEP) to rule out disulfide contributions. This is rapid and was used historically to test Perutz-style polar-zipper models.

- **SDS-PAGE / immunoblot under denaturing conditions**  
  Run aggregates on SDS-PAGE (with or without boiling) ± reducing agents. Persistent high-molecular-weight smears or ladders after SDS (which already disrupts most non-covalent interactions) indicate covalent stabilization. Follow with mass-spec identification of bands if needed. Widely applied to tau, α-synuclein, or huntingtin aggregates.

- **Specific detection/quantification of isopeptide cross-links**  
  Exhaustively digest aggregates with proteases (e.g., pronase, proteinase K), then measure the released Nε-(γ-glutamyl)lysine dipeptide by HPLC, LC-MS/MS, or immunoassay. Elevated levels relative to controls indicate TG-mediated covalent links. This is the gold-standard biochemical assay for TG activity in disease tissue (used in studies of Alzheimer’s, Huntington’s, etc.). Parallel MS-based proteomics can map site-specific Glu–Lys cross-links on tryptic peptides.

- **Mass spectrometry for cross-link mapping**  
  After limited proteolysis or chemical digestion of aggregates, search spectra for diagnostic mass shifts (+155 Da for Glu–Lys isopeptide) or use cross-link-specific software (e.g., xQuest, pLink). Non-covalent H-bonded assemblies yield only linear peptides once denatured. This distinguishes stabilization mechanisms at the residue level.

- **Complementary structural & stability readouts**  
  - FTIR or solid-state NMR: detect characteristic β-sheet amide-I signatures (polar zippers) vs. absence of such order in heavily cross-linked material.  
  - Thermal/pH stability or differential scanning fluorimetry: H-bonded fibrils show cooperative melting or disassembly transitions; covalent networks do not.  
  - ThT/Congo red binding + electron microscopy: confirm amyloid-like order, then test whether order survives chaotropes.

**Interpretation caveats**  
- Many disease aggregates contain both interaction types; sequential extraction (e.g., urea then formic acid or SDS) can fractionate them.  
- Artifacts from postmortem oxidation or fixation must be controlled.  
- Pharmacologic or genetic TG inhibition in models followed by aggregate analysis provides orthogonal functional evidence.

These methods together provide both functional (solubility) and chemical (cross-link detection) discrimination and have been validated in the literature on polyglutamine, tau, and synuclein aggregates.",Persistent high-molecular-weight smears or ladders on SDS-PAGE indicate covalent stabilization.,VERIFIED_FALSE,"Evidence shows that persistent high–molecular–weight smears/ladders on SDS–PAGE can arise from either covalent cross‑links or from SDS‑resistant noncovalent assemblies (e.g., amyloid/oligomeric species); thus such smears do not uniquely indicate covalent stabilization.",SDS-PAGE high molecular weight smear ladder covalent stabilization crosslinking interpretation,"Native SDS-PAGE: High Resolution Electrophoretic Separation of Proteins - PMC (https://pmc.ncbi.nlm.nih.gov/articles/PMC4517606/) | ResearchGate Q&A: 'I get band smearing in sds-page when crosslink proteins. why?' (ResearchGate post, Mar 17, 2020)"
seed248,What clinical factors and patient characteristics should guide the decision to add early systemic chemotherapy to androgen-deprivation therapy for men with metastatic hormone-sensitive prostate cancer?,"**High-volume metastatic disease is the primary driver for adding docetaxel to ADT.**  

In the CHAARTED, STAMPEDE, and GETUG-AFU 15 trials, overall-survival benefit was clearest and most consistent in men with *high-volume* mHSPC, defined as visceral metastases and/or ≥4 bone lesions with ≥1 outside the axial skeleton (pelvis + vertebral column). Absolute OS gains of 13–17 months were seen in this subgroup; low-volume disease showed little or no survival advantage and higher relative toxicity. Current guidelines (NCCN, EAU, ASCO) therefore give a strong recommendation for docetaxel + ADT (or triplet therapy with an AR pathway inhibitor) in high-volume disease when the patient is fit, while low-volume cases are usually managed with ADT + an ARPI (abiraterone, enzalutamide, apalutamide, or darolutamide) unless additional high-risk features are present.

**Patient fitness and comorbidities determine chemotherapy tolerability.**  
- ECOG performance status 0–1 (or selected PS 2) and adequate organ function (ANC, platelets, bilirubin, creatinine clearance).  
- Absence of active peripheral neuropathy, severe hepatic impairment, uncontrolled cardiac disease, or recent major surgery/infection.  
- Life expectancy >3–6 months and willingness to accept the 6-cycle regimen.  
- Age itself is not an absolute cutoff, but physiologic age and geriatric assessment matter; fit men >75 can still be considered if volume criteria are met.

**Additional prognostic and disease characteristics that tilt the balance toward chemotherapy.**  
- De-novo (synchronous) metastases rather than metachronous relapse after prior local therapy.  
- High Gleason score (≥8) or very high baseline PSA with rapid kinetics.  
- Symptomatic disease or impending visceral crisis.  
- In the modern era, the decision is often between doublet (ADT + docetaxel) versus triplet (ADT + docetaxel + ARPI) for truly high-volume patients; triplets further improve OS but increase toxicity and cost.

**Shared decision-making elements.**  
Discuss absolute survival gains versus risks (neutropenia, febrile neutropenia, fatigue, neuropathy, long-term quality-of-life impact). Offer primary G-CSF prophylaxis per guidelines. Reassess volume and fitness at each cycle; stop early for unacceptable toxicity. Molecular profiling (e.g., BRCA/HRR status) may favor PARP inhibitors or ARPI monotherapy instead.

In summary, the dominant criteria are radiographic disease volume plus chemotherapy fitness; low-volume or frail patients are better served by AR-targeted agents alone. All decisions should be individualized in a multidisciplinary setting with up-to-date trial data.","In the CHAARTED, STAMPEDE, and GETUG-AFU 15 trials, absolute overall survival gains of 13–17 months were seen in the high-volume subgroup treated with docetaxel plus ADT.",VERIFIED_FALSE,"CHAARTED reported a 17-month OS benefit in the high-volume subgroup and STAMPEDE reported a 15-month OS benefit in metastatic patients, but GETUG-AFU 15 did not demonstrate an overall survival benefit — so the claim that all three trials showed 13–17 month absolute OS gains in the high-volume subgroup is incorrect.",CHAARTED STAMPEDE GETUG-AFU 15 docetaxel androgen deprivation high-volume subgroup overall survival benefit months,"Sweeney CJ et al., Chemohormonal therapy in metastatic hormone-sensitive prostate cancer. N Engl J Med. 2015. https://www.nejm.org/doi/full/10.1056/NEJMoa1503747 | van Soest R, de Wit R. Results from the STAMPEDE and CHAARTED trials (review). PMC Article: https://pmc.ncbi.nlm.nih.gov/articles/PMC4687286/"
